Asset_ID,Device_Type,Record_Date,Bandwidth_Utilization_Pct,Port_Utilization_Pct,CPU_Utilization_Pct,Memory_Utilization_Pct,Uptime_Pct
AST-1001,Router,2025-01-01,76.1,64.56,52.43,45.67,98.93
AST-1001,Router,2025-01-31,44.86,64.89,54.34,43.9,99.07
AST-1001,Router,2025-03-02,60.71,42.21,51.81,44.1,95.12
AST-1001,Router,2025-04-01,48.69,43.13,54.57,73.68,96.39
AST-1001,Router,2025-05-01,68.87,45.99,59.25,56.45,99.69
AST-1001,Router,2025-05-31,45.19,68.82,27.14,73.5,96.32
AST-1001,Router,2025-06-30,44.88,47.38,49.14,47.55,98.02
AST-1001,Router,2025-07-30,63.01,45.41,43.06,45.19,98.54
AST-1001,Router,2025-08-29,40.08,67.02,41.54,63.78,98.7
AST-1001,Router,2025-09-28,70.18,44.57,22.8,61.57,96.65
AST-1001,Router,2025-10-28,54.13,63.92,48.79,47.01,96.54
AST-1001,Router,2025-11-27,58.38,46.1,31.83,40.09,97.1
AST-1001,Router,2025-12-27,82.32,57.09,56.11,59.62,96.5
AST-1001,Router,2026-01-26,64.66,30.02,31.48,52.2,97.89
AST-1001,Router,2026-02-25,69.46,48.6,37.69,43.55,97.36
AST-1001,Router,2026-03-27,80.55,61.84,26.79,38.39,97.57
AST-1001,Router,2026-04-26,68.48,43.41,52.74,65.05,98.36
AST-1001,Router,2026-05-26,50.11,37.97,20.98,44.79,97.37
AST-1002,Router,2025-01-01,78.24,32.91,36.58,60.19,95.97
AST-1002,Router,2025-01-31,71.34,49.78,29.76,61.24,95.03
AST-1002,Router,2025-03-02,73.79,60.8,24.26,52.01,95.88
AST-1002,Router,2025-04-01,83.11,50.72,22.01,44.97,99.23
AST-1002,Router,2025-05-01,60.54,62.06,46.7,74.52,97.97
AST-1002,Router,2025-05-31,82.75,65.66,44.51,63.77,97.52
AST-1002,Router,2025-06-30,77.38,51.91,55.89,64.75,97.37
AST-1002,Router,2025-07-30,51.66,39.89,45.51,65.63,97.6
AST-1002,Router,2025-08-29,68.2,40.98,23.1,46.43,96.36
AST-1002,Router,2025-09-28,54.39,51.61,25.53,44.25,98.46
AST-1002,Router,2025-10-28,71.79,32.57,36.3,56.7,97.07
AST-1002,Router,2025-11-27,49.31,46.81,56.19,58.36,98.47
AST-1002,Router,2025-12-27,78.55,60.62,35.22,35.24,96.76
AST-1002,Router,2026-01-26,73.91,64.14,58.14,51.76,98.73
AST-1002,Router,2026-02-25,64.58,54.13,28.82,43.78,97.17
AST-1002,Router,2026-03-27,41.31,43.45,47.17,51.17,95.82
AST-1002,Router,2026-04-26,61.03,35.11,44.89,36.08,96.97
AST-1002,Router,2026-05-26,65.4,31.08,45.71,40.43,97.3
AST-1003,Router,2025-01-01,42.26,45.16,28.47,48.07,98.8
AST-1003,Router,2025-01-31,57.06,60.08,53.28,45.09,95.41
AST-1003,Router,2025-03-02,40.87,51.58,60.0,49.0,98.24
AST-1003,Router,2025-04-01,75.16,56.07,50.17,72.98,95.99
AST-1003,Router,2025-05-01,40.92,36.1,25.05,61.78,97.81
AST-1003,Router,2025-05-31,49.81,57.98,50.68,41.71,98.03
AST-1003,Router,2025-06-30,73.66,34.58,52.77,73.59,95.54
AST-1003,Router,2025-07-30,41.16,42.48,47.09,73.33,96.98
AST-1003,Router,2025-08-29,72.18,33.04,47.62,60.09,95.51
AST-1003,Router,2025-09-28,74.76,64.01,44.02,39.84,99.91
AST-1003,Router,2025-10-28,75.22,43.89,37.14,49.82,97.52
AST-1003,Router,2025-11-27,55.36,63.98,52.89,39.22,99.79
AST-1003,Router,2025-12-27,68.6,63.15,48.29,52.42,98.66
AST-1003,Router,2026-01-26,83.45,40.8,52.33,56.53,97.41
AST-1003,Router,2026-02-25,59.6,59.24,30.74,69.07,99.15
AST-1003,Router,2026-03-27,43.9,65.27,29.75,53.59,98.05
AST-1003,Router,2026-04-26,57.05,31.15,54.04,42.27,96.06
AST-1003,Router,2026-05-26,75.9,43.61,55.21,63.05,96.38
AST-1004,Router,2025-01-01,40.46,67.92,23.42,63.8,97.44
AST-1004,Router,2025-01-31,74.12,57.62,45.84,54.63,98.96
AST-1004,Router,2025-03-02,44.19,38.86,47.67,47.25,97.9
AST-1004,Router,2025-04-01,61.3,51.24,37.02,64.84,96.65
AST-1004,Router,2025-05-01,71.63,40.84,30.06,39.83,95.96
AST-1004,Router,2025-05-31,45.38,51.43,50.49,42.41,96.08
AST-1004,Router,2025-06-30,61.79,58.98,59.06,55.99,96.41
AST-1004,Router,2025-07-30,44.52,37.76,29.1,42.18,95.07
AST-1004,Router,2025-08-29,64.04,40.97,58.97,57.13,98.48
AST-1004,Router,2025-09-28,45.68,64.74,39.64,69.91,97.86
AST-1004,Router,2025-10-28,61.12,47.62,27.37,37.06,99.7
AST-1004,Router,2025-11-27,61.5,62.88,36.03,37.96,98.14
AST-1004,Router,2025-12-27,42.41,35.97,42.51,47.15,99.96
AST-1004,Router,2026-01-26,45.33,60.58,44.25,66.63,96.13
AST-1004,Router,2026-02-25,63.52,48.02,37.71,69.41,99.94
AST-1004,Router,2026-03-27,53.74,54.84,44.39,64.6,99.73
AST-1004,Router,2026-04-26,49.35,38.44,46.42,41.28,95.87
AST-1004,Router,2026-05-26,43.38,30.11,38.02,58.75,96.45
AST-1005,Router,2025-01-01,50.42,58.28,48.12,53.16,98.43
AST-1005,Router,2025-01-31,81.58,61.51,45.0,61.45,99.66
AST-1005,Router,2025-03-02,59.13,51.78,45.91,71.34,99.12
AST-1005,Router,2025-04-01,43.21,36.64,32.3,64.96,97.84
AST-1005,Router,2025-05-01,52.99,34.97,47.55,62.99,99.7
AST-1005,Router,2025-05-31,62.52,49.75,23.22,36.59,97.16
AST-1005,Router,2025-06-30,54.5,40.01,23.65,73.48,99.17
AST-1005,Router,2025-07-30,65.88,68.03,59.98,61.89,96.34
AST-1005,Router,2025-08-29,41.81,60.25,38.82,61.06,99.57
AST-1005,Router,2025-09-28,48.17,53.41,45.39,54.67,95.46
AST-1005,Router,2025-10-28,55.66,43.33,46.81,69.31,96.65
AST-1005,Router,2025-11-27,71.22,41.53,57.81,67.54,97.74
AST-1005,Router,2025-12-27,60.47,42.58,32.93,73.81,97.02
AST-1005,Router,2026-01-26,63.16,69.52,46.31,56.7,97.06
AST-1005,Router,2026-02-25,48.44,44.47,50.26,60.02,98.79
AST-1005,Router,2026-03-27,49.16,51.97,57.11,52.52,98.48
AST-1005,Router,2026-04-26,45.46,68.93,44.35,44.57,95.79
AST-1005,Router,2026-05-26,64.79,52.09,23.73,74.69,99.56
AST-1006,Router,2025-01-01,60.77,34.7,53.29,54.94,98.58
AST-1006,Router,2025-01-31,62.9,40.94,53.39,74.21,96.22
AST-1006,Router,2025-03-02,64.81,45.34,56.87,55.33,99.39
AST-1006,Router,2025-04-01,78.88,41.05,51.6,51.6,99.66
AST-1006,Router,2025-05-01,62.85,62.82,31.31,46.94,97.93
AST-1006,Router,2025-05-31,84.95,49.59,25.94,56.54,96.72
AST-1006,Router,2025-06-30,64.84,51.74,38.21,47.87,95.94
AST-1006,Router,2025-07-30,71.39,52.87,29.34,66.02,95.22
AST-1006,Router,2025-08-29,73.51,58.21,52.46,50.44,98.31
AST-1006,Router,2025-09-28,76.93,69.23,39.81,36.48,97.51
AST-1006,Router,2025-10-28,66.56,64.79,54.97,52.61,97.62
AST-1006,Router,2025-11-27,60.56,58.9,36.4,61.19,95.77
AST-1006,Router,2025-12-27,61.13,68.77,33.54,62.71,98.24
AST-1006,Router,2026-01-26,78.33,64.09,54.37,50.2,96.58
AST-1006,Router,2026-02-25,72.34,60.38,54.9,36.44,95.34
AST-1006,Router,2026-03-27,68.4,66.84,59.9,64.87,97.17
AST-1006,Router,2026-04-26,44.43,55.35,54.9,52.75,98.46
AST-1006,Router,2026-05-26,80.65,31.84,51.85,46.73,96.87
AST-1007,Router,2025-01-01,46.55,51.25,42.64,66.7,95.85
AST-1007,Router,2025-01-31,43.55,64.83,44.79,44.63,99.56
AST-1007,Router,2025-03-02,46.44,48.45,30.16,45.21,95.05
AST-1007,Router,2025-04-01,76.21,66.05,47.1,41.32,97.2
AST-1007,Router,2025-05-01,55.55,53.5,45.56,51.97,96.25
AST-1007,Router,2025-05-31,78.04,37.97,35.39,54.33,96.18
AST-1007,Router,2025-06-30,65.74,52.99,59.71,46.81,99.88
AST-1007,Router,2025-07-30,69.62,40.98,42.64,62.43,98.72
AST-1007,Router,2025-08-29,42.21,54.26,39.87,71.17,96.43
AST-1007,Router,2025-09-28,75.95,54.28,34.09,60.46,98.1
AST-1007,Router,2025-10-28,70.5,58.84,46.37,68.53,98.13
AST-1007,Router,2025-11-27,80.65,55.85,32.36,52.63,97.89
AST-1007,Router,2025-12-27,72.96,33.61,31.8,64.9,95.88
AST-1007,Router,2026-01-26,45.95,51.58,58.86,56.23,99.56
AST-1007,Router,2026-02-25,77.37,40.28,52.99,54.27,99.02
AST-1007,Router,2026-03-27,73.6,43.55,24.61,73.52,95.7
AST-1007,Router,2026-04-26,83.49,64.41,48.97,74.2,99.83
AST-1007,Router,2026-05-26,76.21,44.63,51.63,35.56,97.68
AST-1008,Router,2025-01-01,60.47,56.91,46.89,58.38,99.1
AST-1008,Router,2025-01-31,82.31,34.33,29.35,36.0,99.41
AST-1008,Router,2025-03-02,65.26,66.61,28.85,37.53,99.11
AST-1008,Router,2025-04-01,80.92,42.09,36.33,40.59,99.72
AST-1008,Router,2025-05-01,53.7,49.7,23.89,70.49,95.68
AST-1008,Router,2025-05-31,60.41,56.82,49.73,72.84,97.09
AST-1008,Router,2025-06-30,73.4,36.18,36.6,38.96,97.44
AST-1008,Router,2025-07-30,58.37,68.06,21.31,49.82,97.21
AST-1008,Router,2025-08-29,82.77,64.22,23.97,62.43,97.72
AST-1008,Router,2025-09-28,84.0,44.35,35.93,42.59,95.61
AST-1008,Router,2025-10-28,78.16,48.19,46.51,60.67,97.98
AST-1008,Router,2025-11-27,40.96,61.47,29.74,40.04,97.82
AST-1008,Router,2025-12-27,43.09,60.61,28.29,43.64,99.34
AST-1008,Router,2026-01-26,54.79,35.9,56.02,35.11,99.28
AST-1008,Router,2026-02-25,46.51,35.2,30.03,41.98,98.3
AST-1008,Router,2026-03-27,41.16,30.59,51.6,44.52,96.62
AST-1008,Router,2026-04-26,47.84,32.1,49.67,56.04,98.72
AST-1008,Router,2026-05-26,61.43,61.12,40.53,39.36,97.51
AST-1009,Switch,2025-01-01,72.54,51.73,38.5,55.34,97.6
AST-1009,Switch,2025-01-31,50.61,88.56,16.82,41.76,97.0
AST-1009,Switch,2025-03-02,60.87,69.61,42.29,27.57,95.4
AST-1009,Switch,2025-04-01,57.37,52.63,23.25,47.16,97.74
AST-1009,Switch,2025-05-01,44.63,89.79,30.92,40.88,98.02
AST-1009,Switch,2025-05-31,34.46,78.07,40.58,47.78,98.84
AST-1009,Switch,2025-06-30,62.44,58.6,28.55,33.0,96.69
AST-1009,Switch,2025-07-30,50.41,66.64,17.85,39.94,98.32
AST-1009,Switch,2025-08-29,46.84,56.11,42.69,27.35,99.15
AST-1009,Switch,2025-09-28,34.2,53.86,37.16,53.41,97.78
AST-1009,Switch,2025-10-28,56.39,72.46,24.89,29.28,96.76
AST-1009,Switch,2025-11-27,59.94,80.01,41.04,50.24,99.83
AST-1009,Switch,2025-12-27,57.02,64.07,32.34,32.45,98.28
AST-1009,Switch,2026-01-26,40.09,54.33,40.36,37.86,98.81
AST-1009,Switch,2026-02-25,55.83,82.29,40.35,59.11,99.08
AST-1009,Switch,2026-03-27,57.61,75.71,15.79,57.52,99.14
AST-1009,Switch,2026-04-26,42.04,57.22,36.08,35.81,96.7
AST-1009,Switch,2026-05-26,30.27,84.79,31.99,39.03,95.71
AST-1010,Switch,2025-01-01,58.49,51.23,37.38,32.53,97.09
AST-1010,Switch,2025-01-31,45.34,64.8,36.65,52.19,97.83
AST-1010,Switch,2025-03-02,33.82,52.1,19.72,46.62,98.36
AST-1010,Switch,2025-04-01,42.24,76.48,29.57,40.47,96.36
AST-1010,Switch,2025-05-01,63.97,54.55,27.9,34.91,98.39
AST-1010,Switch,2025-05-31,51.9,76.69,16.36,38.83,97.99
AST-1010,Switch,2025-06-30,30.35,62.06,21.34,29.8,96.28
AST-1010,Switch,2025-07-30,44.77,50.31,37.41,31.15,96.9
AST-1010,Switch,2025-08-29,61.67,70.01,40.0,53.22,95.36
AST-1010,Switch,2025-09-28,68.78,51.69,15.56,57.24,99.3
AST-1010,Switch,2025-10-28,55.91,72.94,36.28,39.62,95.57
AST-1010,Switch,2025-11-27,30.94,62.99,39.04,46.63,99.15
AST-1010,Switch,2025-12-27,71.39,53.53,40.33,33.52,97.94
AST-1010,Switch,2026-01-26,53.58,65.83,24.31,36.88,96.66
AST-1010,Switch,2026-02-25,37.57,70.42,18.42,42.85,99.52
AST-1010,Switch,2026-03-27,45.72,79.1,39.57,53.53,96.18
AST-1010,Switch,2026-04-26,36.59,57.89,33.07,51.61,98.27
AST-1010,Switch,2026-05-26,37.97,80.91,29.82,51.41,98.79
AST-1011,Switch,2025-01-01,50.2,86.97,31.93,47.24,98.12
AST-1011,Switch,2025-01-31,68.89,75.09,19.53,27.39,97.21
AST-1011,Switch,2025-03-02,43.63,60.99,16.69,42.76,96.55
AST-1011,Switch,2025-04-01,50.34,52.28,39.95,27.69,99.31
AST-1011,Switch,2025-05-01,68.49,74.6,30.21,41.19,97.77
AST-1011,Switch,2025-05-31,65.63,85.84,28.49,53.34,98.25
AST-1011,Switch,2025-06-30,44.47,69.03,19.53,27.17,95.52
AST-1011,Switch,2025-07-30,70.46,63.74,36.43,42.66,95.86
AST-1011,Switch,2025-08-29,41.15,67.51,28.18,43.3,95.79
AST-1011,Switch,2025-09-28,46.78,61.32,27.26,36.84,97.98
AST-1011,Switch,2025-10-28,65.52,75.89,16.98,28.31,98.39
AST-1011,Switch,2025-11-27,42.79,78.95,34.7,56.72,99.36
AST-1011,Switch,2025-12-27,45.0,73.31,19.24,37.24,99.83
AST-1011,Switch,2026-01-26,61.43,65.68,32.85,57.83,96.54
AST-1011,Switch,2026-02-25,46.95,81.67,39.4,48.45,99.14
AST-1011,Switch,2026-03-27,63.24,77.42,30.79,47.61,97.11
AST-1011,Switch,2026-04-26,46.28,64.5,20.41,32.5,99.73
AST-1011,Switch,2026-05-26,51.88,59.06,19.13,27.7,99.21
AST-1012,Switch,2025-01-01,34.55,80.83,40.05,55.93,95.19
AST-1012,Switch,2025-01-31,45.15,80.65,18.93,38.19,95.81
AST-1012,Switch,2025-03-02,67.41,80.84,39.27,30.79,97.18
AST-1012,Switch,2025-04-01,48.49,77.05,22.13,40.55,96.42
AST-1012,Switch,2025-05-01,63.68,67.96,31.02,35.83,99.04
AST-1012,Switch,2025-05-31,51.11,83.4,26.04,58.15,99.91
AST-1012,Switch,2025-06-30,50.78,61.27,26.46,43.46,99.82
AST-1012,Switch,2025-07-30,66.76,82.05,19.15,33.75,98.2
AST-1012,Switch,2025-08-29,69.34,72.18,18.08,54.61,99.25
AST-1012,Switch,2025-09-28,42.83,80.52,23.18,56.69,95.74
AST-1012,Switch,2025-10-28,49.69,87.86,21.66,40.79,96.74
AST-1012,Switch,2025-11-27,31.2,52.13,30.06,33.25,99.96
AST-1012,Switch,2025-12-27,46.87,51.13,42.92,54.37,98.24
AST-1012,Switch,2026-01-26,65.61,55.5,23.61,54.04,98.47
AST-1012,Switch,2026-02-25,36.25,78.22,28.46,25.18,95.4
AST-1012,Switch,2026-03-27,41.52,83.4,31.46,50.45,97.63
AST-1012,Switch,2026-04-26,35.0,61.52,24.03,26.67,97.09
AST-1012,Switch,2026-05-26,65.73,68.28,18.33,56.68,97.98
AST-1013,Switch,2025-01-01,30.74,70.62,22.26,30.03,97.14
AST-1013,Switch,2025-01-31,57.67,59.62,27.5,48.25,95.43
AST-1013,Switch,2025-03-02,73.86,52.71,30.78,42.76,99.93
AST-1013,Switch,2025-04-01,54.94,65.62,29.1,47.25,99.9
AST-1013,Switch,2025-05-01,41.41,50.65,38.66,37.07,98.66
AST-1013,Switch,2025-05-31,58.27,80.86,37.06,36.64,95.22
AST-1013,Switch,2025-06-30,54.57,82.54,20.25,52.27,97.32
AST-1013,Switch,2025-07-30,61.29,75.27,39.34,27.21,98.87
AST-1013,Switch,2025-08-29,50.6,61.74,16.31,31.98,95.21
AST-1013,Switch,2025-09-28,72.0,70.62,44.67,44.01,96.26
AST-1013,Switch,2025-10-28,63.9,57.64,25.71,52.33,99.32
AST-1013,Switch,2025-11-27,44.94,54.98,26.04,56.13,98.71
AST-1013,Switch,2025-12-27,70.26,65.47,44.21,42.37,97.48
AST-1013,Switch,2026-01-26,71.59,70.77,39.03,50.45,95.39
AST-1013,Switch,2026-02-25,57.11,82.89,31.36,36.24,95.4
AST-1013,Switch,2026-03-27,59.74,62.26,33.08,39.91,98.44
AST-1013,Switch,2026-04-26,45.82,51.69,41.1,37.34,99.98
AST-1013,Switch,2026-05-26,42.35,89.2,43.44,27.63,98.18
AST-1014,Switch,2025-01-01,46.35,82.04,35.38,58.35,95.71
AST-1014,Switch,2025-01-31,57.34,81.25,16.04,27.35,98.88
AST-1014,Switch,2025-03-02,46.48,65.31,32.02,46.18,98.39
AST-1014,Switch,2025-04-01,72.7,64.88,37.89,45.09,97.64
AST-1014,Switch,2025-05-01,47.91,75.98,22.49,28.97,98.67
AST-1014,Switch,2025-05-31,52.46,65.48,31.85,34.16,96.3
AST-1014,Switch,2025-06-30,50.08,89.85,23.57,57.08,97.45
AST-1014,Switch,2025-07-30,35.52,84.11,28.56,56.45,97.22
AST-1014,Switch,2025-08-29,33.95,77.28,40.37,36.19,96.73
AST-1014,Switch,2025-09-28,32.92,71.69,41.74,54.8,98.55
AST-1014,Switch,2025-10-28,71.73,75.51,38.81,42.81,95.61
AST-1014,Switch,2025-11-27,39.04,55.56,38.71,25.92,97.76
AST-1014,Switch,2025-12-27,46.6,82.15,31.55,46.42,95.43
AST-1014,Switch,2026-01-26,43.92,89.98,36.57,43.4,98.84
AST-1014,Switch,2026-02-25,67.05,52.95,44.17,47.48,97.25
AST-1014,Switch,2026-03-27,60.6,63.78,41.34,52.31,98.19
AST-1014,Switch,2026-04-26,38.19,88.65,27.98,56.87,95.28
AST-1014,Switch,2026-05-26,35.59,56.12,19.94,36.29,98.54
AST-1015,Switch,2025-01-01,45.57,87.64,41.85,54.61,96.25
AST-1015,Switch,2025-01-31,58.58,72.03,18.76,35.6,97.66
AST-1015,Switch,2025-03-02,52.62,56.75,43.25,30.4,98.29
AST-1015,Switch,2025-04-01,62.43,74.21,40.28,44.73,99.12
AST-1015,Switch,2025-05-01,31.28,51.82,34.24,45.19,98.25
AST-1015,Switch,2025-05-31,64.51,66.66,34.17,42.43,98.13
AST-1015,Switch,2025-06-30,43.04,88.27,29.49,53.16,98.42
AST-1015,Switch,2025-07-30,43.38,52.92,16.8,40.39,97.42
AST-1015,Switch,2025-08-29,39.18,74.27,24.38,50.14,98.66
AST-1015,Switch,2025-09-28,68.73,89.01,18.92,37.97,97.8
AST-1015,Switch,2025-10-28,44.36,68.66,23.02,33.68,95.48
AST-1015,Switch,2025-11-27,43.06,65.37,33.46,33.69,99.32
AST-1015,Switch,2025-12-27,37.19,63.1,32.33,35.95,98.81
AST-1015,Switch,2026-01-26,52.42,70.59,29.96,35.8,95.12
AST-1015,Switch,2026-02-25,72.54,70.22,44.0,32.53,96.76
AST-1015,Switch,2026-03-27,32.27,69.8,41.47,47.9,97.35
AST-1015,Switch,2026-04-26,54.15,83.89,27.93,55.89,98.63
AST-1015,Switch,2026-05-26,64.37,64.64,27.02,44.96,95.97
AST-1016,Switch,2025-01-01,54.9,52.94,30.13,51.75,96.4
AST-1016,Switch,2025-01-31,74.51,77.22,18.56,59.13,96.97
AST-1016,Switch,2025-03-02,65.77,63.56,43.17,51.42,95.99
AST-1016,Switch,2025-04-01,52.91,70.0,16.36,29.8,96.66
AST-1016,Switch,2025-05-01,51.32,68.28,33.19,43.04,96.64
AST-1016,Switch,2025-05-31,57.59,56.5,44.72,50.88,96.49
AST-1016,Switch,2025-06-30,45.14,83.13,30.97,49.81,96.5
AST-1016,Switch,2025-07-30,66.71,64.73,35.21,59.3,97.91
AST-1016,Switch,2025-08-29,65.85,79.01,35.64,25.93,97.37
AST-1016,Switch,2025-09-28,73.52,81.32,38.28,45.22,98.6
AST-1016,Switch,2025-10-28,56.26,56.82,33.87,46.69,99.2
AST-1016,Switch,2025-11-27,36.65,77.23,15.95,58.19,95.55
AST-1016,Switch,2025-12-27,30.85,62.55,19.54,49.17,97.05
AST-1016,Switch,2026-01-26,64.87,86.82,41.18,50.75,95.31
AST-1016,Switch,2026-02-25,36.21,58.29,24.75,48.18,97.62
AST-1016,Switch,2026-03-27,44.12,56.93,42.36,36.98,96.77
AST-1016,Switch,2026-04-26,64.74,78.84,34.3,49.27,98.04
AST-1016,Switch,2026-05-26,38.65,59.86,31.74,32.87,99.85
AST-1017,Switch,2025-01-01,43.39,61.56,21.22,49.67,96.58
AST-1017,Switch,2025-01-31,45.7,87.35,38.86,34.57,95.61
AST-1017,Switch,2025-03-02,60.45,65.19,44.4,53.64,99.76
AST-1017,Switch,2025-04-01,66.21,61.62,23.63,49.99,96.73
AST-1017,Switch,2025-05-01,49.91,60.26,29.37,32.07,97.69
AST-1017,Switch,2025-05-31,71.99,77.85,19.12,46.55,97.93
AST-1017,Switch,2025-06-30,40.91,76.79,30.93,47.33,95.26
AST-1017,Switch,2025-07-30,48.6,78.69,18.02,51.98,95.03
AST-1017,Switch,2025-08-29,54.77,87.16,27.21,57.73,99.38
AST-1017,Switch,2025-09-28,51.49,57.98,43.92,36.24,98.22
AST-1017,Switch,2025-10-28,70.86,53.58,32.22,43.73,98.61
AST-1017,Switch,2025-11-27,72.15,86.53,20.25,55.88,95.88
AST-1017,Switch,2025-12-27,71.38,89.89,26.91,42.34,99.67
AST-1017,Switch,2026-01-26,73.3,87.04,41.3,25.32,97.83
AST-1017,Switch,2026-02-25,34.83,89.32,23.54,59.62,97.71
AST-1017,Switch,2026-03-27,52.23,87.54,40.53,41.38,95.96
AST-1017,Switch,2026-04-26,35.07,56.5,28.77,34.0,95.93
AST-1017,Switch,2026-05-26,63.15,81.63,32.03,51.5,95.88
AST-1018,Switch,2025-01-01,68.53,85.88,39.81,43.03,95.43
AST-1018,Switch,2025-01-31,60.12,57.39,19.22,36.33,96.24
AST-1018,Switch,2025-03-02,41.74,59.42,37.61,58.39,96.51
AST-1018,Switch,2025-04-01,62.53,50.46,34.61,49.25,95.31
AST-1018,Switch,2025-05-01,35.32,62.27,27.16,42.59,99.47
AST-1018,Switch,2025-05-31,61.66,62.44,18.52,57.06,96.47
AST-1018,Switch,2025-06-30,57.66,58.77,19.01,30.36,98.73
AST-1018,Switch,2025-07-30,57.26,66.63,31.48,41.48,97.68
AST-1018,Switch,2025-08-29,59.88,58.74,22.42,51.42,99.36
AST-1018,Switch,2025-09-28,33.68,67.87,36.11,27.73,97.82
AST-1018,Switch,2025-10-28,32.78,71.91,30.16,45.04,95.75
AST-1018,Switch,2025-11-27,44.77,70.81,18.49,32.19,97.91
AST-1018,Switch,2025-12-27,34.09,70.42,39.26,40.87,97.56
AST-1018,Switch,2026-01-26,50.56,52.31,28.87,53.24,98.61
AST-1018,Switch,2026-02-25,47.82,82.66,37.37,45.24,95.23
AST-1018,Switch,2026-03-27,45.5,52.55,44.82,57.71,95.34
AST-1018,Switch,2026-04-26,72.02,51.27,27.27,51.91,98.82
AST-1018,Switch,2026-05-26,74.02,75.84,27.61,59.75,96.91
AST-1019,Switch,2025-01-01,69.13,86.27,26.27,48.9,98.3
AST-1019,Switch,2025-01-31,54.27,76.14,25.43,31.25,97.68
AST-1019,Switch,2025-03-02,53.8,79.11,21.68,25.12,95.11
AST-1019,Switch,2025-04-01,43.43,76.94,31.33,43.62,99.11
AST-1019,Switch,2025-05-01,41.14,63.85,23.27,57.81,98.62
AST-1019,Switch,2025-05-31,35.08,82.38,27.58,51.81,99.41
AST-1019,Switch,2025-06-30,30.7,58.24,18.03,26.18,97.98
AST-1019,Switch,2025-07-30,61.65,51.95,37.22,39.08,96.17
AST-1019,Switch,2025-08-29,39.78,84.55,16.69,42.64,96.44
AST-1019,Switch,2025-09-28,66.71,79.26,24.57,45.93,98.36
AST-1019,Switch,2025-10-28,44.43,62.07,19.3,48.11,96.1
AST-1019,Switch,2025-11-27,43.52,52.44,43.46,55.79,99.55
AST-1019,Switch,2025-12-27,58.17,67.09,29.87,59.03,99.7
AST-1019,Switch,2026-01-26,60.21,81.43,24.56,39.57,95.74
AST-1019,Switch,2026-02-25,46.94,80.18,29.21,54.73,96.5
AST-1019,Switch,2026-03-27,61.84,82.23,42.44,44.68,99.83
AST-1019,Switch,2026-04-26,55.08,55.36,22.29,32.12,98.23
AST-1019,Switch,2026-05-26,71.5,83.89,17.77,50.36,95.95
AST-1020,Switch,2025-01-01,42.08,76.95,33.09,55.58,95.94
AST-1020,Switch,2025-01-31,64.28,78.97,31.77,41.78,99.34
AST-1020,Switch,2025-03-02,44.98,88.28,15.46,57.8,99.8
AST-1020,Switch,2025-04-01,35.28,89.98,29.37,33.49,98.02
AST-1020,Switch,2025-05-01,39.2,86.61,31.56,52.14,96.9
AST-1020,Switch,2025-05-31,54.01,64.37,22.85,42.95,97.48
AST-1020,Switch,2025-06-30,34.44,89.25,29.08,54.39,99.56
AST-1020,Switch,2025-07-30,46.68,66.56,31.88,32.74,95.73
AST-1020,Switch,2025-08-29,41.73,87.39,32.37,39.62,95.76
AST-1020,Switch,2025-09-28,44.84,65.19,40.0,42.48,98.27
AST-1020,Switch,2025-10-28,60.82,60.29,39.65,58.83,98.2
AST-1020,Switch,2025-11-27,52.08,56.73,38.85,30.92,98.59
AST-1020,Switch,2025-12-27,51.97,86.68,31.26,47.46,95.29
AST-1020,Switch,2026-01-26,31.52,83.87,43.36,48.39,98.81
AST-1020,Switch,2026-02-25,48.56,83.7,21.94,49.75,95.05
AST-1020,Switch,2026-03-27,52.76,64.93,33.54,48.34,98.08
AST-1020,Switch,2026-04-26,51.74,69.51,15.2,44.31,95.06
AST-1020,Switch,2026-05-26,53.82,60.99,44.32,25.6,99.06
AST-1021,Switch,2025-01-01,60.33,82.25,42.29,28.75,95.48
AST-1021,Switch,2025-01-31,36.7,57.68,30.79,53.53,96.33
AST-1021,Switch,2025-03-02,47.86,64.92,27.18,44.78,99.94
AST-1021,Switch,2025-04-01,40.16,77.36,40.44,47.88,99.28
AST-1021,Switch,2025-05-01,64.18,53.74,26.38,44.34,95.28
AST-1021,Switch,2025-05-31,30.43,56.86,30.0,40.19,98.91
AST-1021,Switch,2025-06-30,55.46,84.32,17.86,43.49,95.21
AST-1021,Switch,2025-07-30,39.51,84.72,41.63,41.64,95.23
AST-1021,Switch,2025-08-29,33.35,87.02,41.98,44.72,95.16
AST-1021,Switch,2025-09-28,71.79,62.58,43.84,45.55,98.75
AST-1021,Switch,2025-10-28,62.07,65.93,17.31,30.69,96.2
AST-1021,Switch,2025-11-27,67.56,65.57,41.9,36.61,98.77
AST-1021,Switch,2025-12-27,36.3,89.54,36.72,42.53,99.86
AST-1021,Switch,2026-01-26,32.42,67.48,40.16,36.92,98.84
AST-1021,Switch,2026-02-25,72.97,65.87,38.21,26.04,96.36
AST-1021,Switch,2026-03-27,74.67,69.62,25.67,57.94,97.15
AST-1021,Switch,2026-04-26,60.59,76.43,17.57,46.65,98.98
AST-1021,Switch,2026-05-26,62.09,53.28,19.63,49.91,98.16
AST-1022,Switch,2025-01-01,63.28,62.67,18.2,25.18,96.54
AST-1022,Switch,2025-01-31,46.2,60.79,18.98,31.56,97.24
AST-1022,Switch,2025-03-02,54.96,66.32,15.79,37.39,95.46
AST-1022,Switch,2025-04-01,56.91,62.98,26.56,35.21,96.94
AST-1022,Switch,2025-05-01,33.81,86.05,42.16,59.24,97.85
AST-1022,Switch,2025-05-31,37.63,65.23,19.17,35.54,97.46
AST-1022,Switch,2025-06-30,32.85,67.39,27.63,41.95,95.38
AST-1022,Switch,2025-07-30,41.33,59.86,33.75,45.78,95.98
AST-1022,Switch,2025-08-29,34.81,62.19,43.46,36.63,98.09
AST-1022,Switch,2025-09-28,66.18,63.18,25.04,53.54,99.29
AST-1022,Switch,2025-10-28,73.84,55.44,24.62,58.15,96.0
AST-1022,Switch,2025-11-27,44.14,88.58,44.06,35.2,98.47
AST-1022,Switch,2025-12-27,52.1,73.04,22.27,38.16,99.07
AST-1022,Switch,2026-01-26,47.68,54.56,31.92,45.73,97.72
AST-1022,Switch,2026-02-25,60.68,72.0,43.59,41.16,98.53
AST-1022,Switch,2026-03-27,49.73,61.65,35.79,53.66,98.97
AST-1022,Switch,2026-04-26,48.41,69.97,34.0,33.47,98.29
AST-1022,Switch,2026-05-26,62.19,81.56,17.22,59.67,97.39
AST-1023,Switch,2025-01-01,48.04,70.26,42.61,49.21,97.71
AST-1023,Switch,2025-01-31,65.58,64.38,41.87,43.79,98.18
AST-1023,Switch,2025-03-02,33.82,80.76,34.73,37.43,98.23
AST-1023,Switch,2025-04-01,31.99,89.34,35.32,38.99,98.76
AST-1023,Switch,2025-05-01,73.46,67.22,15.32,34.06,97.55
AST-1023,Switch,2025-05-31,53.35,73.22,32.26,40.6,96.95
AST-1023,Switch,2025-06-30,64.76,73.54,30.01,37.07,95.12
AST-1023,Switch,2025-07-30,34.7,66.64,43.85,29.06,99.69
AST-1023,Switch,2025-08-29,36.38,62.48,28.66,32.24,97.41
AST-1023,Switch,2025-09-28,51.43,67.53,35.9,36.16,96.5
AST-1023,Switch,2025-10-28,66.46,54.6,40.48,47.68,98.38
AST-1023,Switch,2025-11-27,37.4,89.36,22.32,31.11,95.8
AST-1023,Switch,2025-12-27,55.19,88.34,21.96,39.18,95.92
AST-1023,Switch,2026-01-26,58.82,67.29,15.88,46.49,95.98
AST-1023,Switch,2026-02-25,56.65,65.55,36.14,32.2,98.75
AST-1023,Switch,2026-03-27,66.39,52.5,18.05,55.52,95.93
AST-1023,Switch,2026-04-26,44.67,68.3,22.87,55.19,97.63
AST-1023,Switch,2026-05-26,58.76,73.88,33.34,45.55,96.74
AST-1024,Switch,2025-01-01,68.05,74.69,39.41,49.71,96.48
AST-1024,Switch,2025-01-31,57.65,53.39,19.02,29.13,96.52
AST-1024,Switch,2025-03-02,38.24,77.74,30.32,39.64,95.69
AST-1024,Switch,2025-04-01,47.27,57.43,34.07,49.27,98.22
AST-1024,Switch,2025-05-01,75.0,72.2,29.69,29.91,96.57
AST-1024,Switch,2025-05-31,50.3,52.14,25.77,25.34,95.68
AST-1024,Switch,2025-06-30,66.68,88.55,30.16,42.32,98.42
AST-1024,Switch,2025-07-30,48.7,83.6,29.66,27.89,95.15
AST-1024,Switch,2025-08-29,64.25,61.68,23.25,43.82,95.84
AST-1024,Switch,2025-09-28,50.58,79.7,37.98,44.24,95.56
AST-1024,Switch,2025-10-28,35.14,81.0,39.7,37.84,99.1
AST-1024,Switch,2025-11-27,31.87,78.76,31.39,59.64,95.51
AST-1024,Switch,2025-12-27,67.35,80.05,23.93,59.98,97.24
AST-1024,Switch,2026-01-26,45.69,82.67,28.17,59.79,98.87
AST-1024,Switch,2026-02-25,40.66,82.43,32.64,37.27,98.55
AST-1024,Switch,2026-03-27,58.47,56.64,19.18,32.23,96.03
AST-1024,Switch,2026-04-26,32.67,64.03,23.43,43.86,96.62
AST-1024,Switch,2026-05-26,61.68,61.57,23.02,55.03,99.92
AST-1025,Switch,2025-01-01,60.57,53.81,43.88,52.5,99.58
AST-1025,Switch,2025-01-31,74.66,84.68,18.81,55.31,96.25
AST-1025,Switch,2025-03-02,62.01,83.14,37.84,48.67,97.44
AST-1025,Switch,2025-04-01,55.98,60.75,27.43,40.82,98.16
AST-1025,Switch,2025-05-01,69.61,53.72,30.47,34.74,99.67
AST-1025,Switch,2025-05-31,46.61,88.01,24.82,25.09,98.86
AST-1025,Switch,2025-06-30,62.97,79.24,28.75,48.25,96.79
AST-1025,Switch,2025-07-30,32.85,71.38,21.53,40.04,96.06
AST-1025,Switch,2025-08-29,42.08,83.13,25.13,45.23,97.83
AST-1025,Switch,2025-09-28,51.84,63.75,35.48,26.69,95.5
AST-1025,Switch,2025-10-28,65.28,68.38,18.73,55.02,97.2
AST-1025,Switch,2025-11-27,30.03,88.32,21.07,49.1,95.66
AST-1025,Switch,2025-12-27,59.25,56.36,42.98,34.59,98.27
AST-1025,Switch,2026-01-26,41.27,64.87,42.11,30.79,96.98
AST-1025,Switch,2026-02-25,43.75,77.98,22.02,47.94,98.51
AST-1025,Switch,2026-03-27,30.05,69.07,18.98,32.92,98.39
AST-1025,Switch,2026-04-26,30.42,77.82,39.51,59.59,97.11
AST-1025,Switch,2026-05-26,35.95,52.83,26.49,50.58,95.51
AST-1026,Switch,2025-01-01,44.1,85.24,19.11,52.07,98.76
AST-1026,Switch,2025-01-31,35.99,89.72,19.29,43.57,95.04
AST-1026,Switch,2025-03-02,59.25,67.6,36.67,46.98,95.76
AST-1026,Switch,2025-04-01,48.53,77.46,40.8,28.03,95.5
AST-1026,Switch,2025-05-01,63.86,73.58,26.52,58.71,96.57
AST-1026,Switch,2025-05-31,36.29,61.08,17.53,44.37,97.99
AST-1026,Switch,2025-06-30,57.34,81.16,35.71,54.68,98.29
AST-1026,Switch,2025-07-30,43.57,70.71,30.29,51.17,96.47
AST-1026,Switch,2025-08-29,32.46,85.92,43.64,42.32,95.56
AST-1026,Switch,2025-09-28,52.48,73.76,30.85,59.22,99.92
AST-1026,Switch,2025-10-28,72.03,55.28,40.82,44.89,96.82
AST-1026,Switch,2025-11-27,60.73,80.51,43.63,51.96,95.08
AST-1026,Switch,2025-12-27,33.04,60.49,16.19,27.12,98.94
AST-1026,Switch,2026-01-26,52.8,75.14,30.03,39.54,98.5
AST-1026,Switch,2026-02-25,33.71,71.46,33.48,34.71,96.55
AST-1026,Switch,2026-03-27,53.01,58.13,39.24,43.77,96.95
AST-1026,Switch,2026-04-26,58.54,83.38,35.43,27.31,98.49
AST-1026,Switch,2026-05-26,62.85,83.86,16.74,28.02,97.17
AST-1027,Switch,2025-01-01,50.4,74.35,24.28,50.96,98.7
AST-1027,Switch,2025-01-31,35.37,78.32,36.04,30.73,99.76
AST-1027,Switch,2025-03-02,53.54,81.32,36.62,30.84,95.63
AST-1027,Switch,2025-04-01,65.15,60.75,41.59,52.0,95.15
AST-1027,Switch,2025-05-01,66.32,60.88,16.92,49.93,97.88
AST-1027,Switch,2025-05-31,33.47,68.21,25.8,42.49,97.83
AST-1027,Switch,2025-06-30,46.55,60.2,18.09,45.09,98.61
AST-1027,Switch,2025-07-30,40.28,70.35,16.32,55.2,96.22
AST-1027,Switch,2025-08-29,51.23,65.32,19.5,57.59,99.28
AST-1027,Switch,2025-09-28,54.88,86.56,37.22,39.68,96.61
AST-1027,Switch,2025-10-28,48.73,78.81,23.14,27.73,96.86
AST-1027,Switch,2025-11-27,52.59,86.08,20.38,53.15,99.9
AST-1027,Switch,2025-12-27,72.93,52.76,28.95,34.88,99.22
AST-1027,Switch,2026-01-26,44.73,72.12,15.24,32.02,97.81
AST-1027,Switch,2026-02-25,43.68,74.91,28.92,45.71,97.46
AST-1027,Switch,2026-03-27,64.77,57.82,42.01,51.62,96.22
AST-1027,Switch,2026-04-26,30.29,66.4,21.99,37.12,99.19
AST-1027,Switch,2026-05-26,69.47,88.04,15.04,48.01,99.24
AST-1028,Switch,2025-01-01,62.72,54.16,30.89,33.34,97.46
AST-1028,Switch,2025-01-31,32.7,89.88,36.35,28.26,99.6
AST-1028,Switch,2025-03-02,70.38,70.79,36.03,38.04,99.86
AST-1028,Switch,2025-04-01,33.82,53.82,19.01,53.7,95.37
AST-1028,Switch,2025-05-01,55.55,67.4,43.93,33.29,96.3
AST-1028,Switch,2025-05-31,44.18,82.03,36.02,50.74,96.59
AST-1028,Switch,2025-06-30,42.24,52.99,21.08,52.3,97.92
AST-1028,Switch,2025-07-30,36.99,56.57,28.98,39.23,97.67
AST-1028,Switch,2025-08-29,73.41,58.31,24.25,34.28,95.6
AST-1028,Switch,2025-09-28,37.09,77.44,39.79,49.39,95.2
AST-1028,Switch,2025-10-28,67.62,63.11,17.74,33.69,96.78
AST-1028,Switch,2025-11-27,53.11,77.09,22.81,59.67,95.16
AST-1028,Switch,2025-12-27,48.2,68.09,37.44,33.74,97.31
AST-1028,Switch,2026-01-26,66.18,55.59,15.36,54.06,99.9
AST-1028,Switch,2026-02-25,35.88,82.95,26.17,47.06,98.22
AST-1028,Switch,2026-03-27,56.2,60.35,39.38,25.76,95.32
AST-1028,Switch,2026-04-26,70.61,67.74,18.86,56.68,99.14
AST-1028,Switch,2026-05-26,44.92,51.71,28.83,30.88,97.86
AST-1029,Access Point,2025-01-01,56.98,55.8,11.18,43.91,95.86
AST-1029,Access Point,2025-01-31,29.66,47.49,21.19,50.92,95.17
AST-1029,Access Point,2025-03-02,47.86,49.83,21.8,34.42,97.75
AST-1029,Access Point,2025-04-01,22.74,51.19,15.49,26.98,99.41
AST-1029,Access Point,2025-05-01,43.66,65.23,42.09,47.82,99.94
AST-1029,Access Point,2025-05-31,55.19,54.36,31.78,36.96,99.55
AST-1029,Access Point,2025-06-30,42.61,55.54,17.19,31.16,96.09
AST-1029,Access Point,2025-07-30,60.31,71.14,12.34,54.7,97.64
AST-1029,Access Point,2025-08-29,54.51,79.98,48.96,23.5,98.28
AST-1029,Access Point,2025-09-28,31.99,72.65,46.69,21.96,99.97
AST-1029,Access Point,2025-10-28,29.87,73.86,41.9,32.42,99.19
AST-1029,Access Point,2025-11-27,58.03,47.04,33.7,48.22,98.48
AST-1029,Access Point,2025-12-27,61.13,41.13,38.02,53.16,97.81
AST-1029,Access Point,2026-01-26,45.34,47.53,49.52,50.86,97.46
AST-1029,Access Point,2026-02-25,33.91,59.62,13.61,28.14,96.09
AST-1029,Access Point,2026-03-27,43.69,40.03,46.72,27.05,95.65
AST-1029,Access Point,2026-04-26,52.26,76.75,43.77,31.33,95.11
AST-1029,Access Point,2026-05-26,46.4,76.69,40.97,49.63,99.29
AST-1030,Access Point,2025-01-01,63.23,54.94,47.68,33.85,95.5
AST-1030,Access Point,2025-01-31,33.58,45.46,16.3,53.2,98.95
AST-1030,Access Point,2025-03-02,63.23,65.97,16.97,53.91,98.46
AST-1030,Access Point,2025-04-01,61.8,71.48,18.93,40.61,95.88
AST-1030,Access Point,2025-05-01,33.81,67.54,15.09,45.51,99.73
AST-1030,Access Point,2025-05-31,62.69,55.66,49.77,53.78,95.16
AST-1030,Access Point,2025-06-30,47.11,76.84,48.7,27.73,97.82
AST-1030,Access Point,2025-07-30,62.15,45.63,39.81,28.33,99.9
AST-1030,Access Point,2025-08-29,27.55,75.41,13.55,44.81,98.19
AST-1030,Access Point,2025-09-28,59.9,57.87,20.61,28.73,95.34
AST-1030,Access Point,2025-10-28,31.55,44.32,10.05,33.51,98.66
AST-1030,Access Point,2025-11-27,63.61,75.38,29.72,33.25,97.72
AST-1030,Access Point,2025-12-27,24.56,59.18,44.56,42.78,98.43
AST-1030,Access Point,2026-01-26,27.32,42.95,43.83,30.32,96.59
AST-1030,Access Point,2026-02-25,62.82,42.97,16.8,33.14,98.65
AST-1030,Access Point,2026-03-27,44.62,75.92,13.72,40.79,98.06
AST-1030,Access Point,2026-04-26,41.72,41.24,47.7,25.77,99.44
AST-1030,Access Point,2026-05-26,27.07,44.05,18.22,26.65,98.48
AST-1031,Access Point,2025-01-01,52.49,69.2,20.61,29.85,96.19
AST-1031,Access Point,2025-01-31,22.23,62.87,43.59,25.38,96.8
AST-1031,Access Point,2025-03-02,39.24,51.78,36.48,41.01,96.0
AST-1031,Access Point,2025-04-01,21.16,46.83,21.67,22.87,99.21
AST-1031,Access Point,2025-05-01,33.88,55.9,29.56,43.14,95.45
AST-1031,Access Point,2025-05-31,44.49,47.4,45.42,32.93,97.22
AST-1031,Access Point,2025-06-30,31.85,58.6,19.05,29.4,95.31
AST-1031,Access Point,2025-07-30,53.85,66.7,13.43,32.03,97.7
AST-1031,Access Point,2025-08-29,63.68,63.59,32.14,49.43,99.08
AST-1031,Access Point,2025-09-28,38.84,61.42,44.68,36.62,99.4
AST-1031,Access Point,2025-10-28,41.43,43.16,46.11,45.0,97.51
AST-1031,Access Point,2025-11-27,60.52,72.02,37.1,41.71,95.6
AST-1031,Access Point,2025-12-27,54.07,46.92,49.37,54.03,99.03
AST-1031,Access Point,2026-01-26,25.68,56.93,49.53,35.24,99.98
AST-1031,Access Point,2026-02-25,48.23,73.36,20.32,51.88,99.56
AST-1031,Access Point,2026-03-27,23.02,55.52,25.89,31.41,96.38
AST-1031,Access Point,2026-04-26,40.62,74.94,41.46,41.81,97.61
AST-1031,Access Point,2026-05-26,38.88,56.58,15.93,40.58,98.78
AST-1032,Access Point,2025-01-01,62.28,77.0,32.51,23.53,96.43
AST-1032,Access Point,2025-01-31,44.1,53.75,26.44,33.41,97.42
AST-1032,Access Point,2025-03-02,47.4,41.5,21.02,25.03,98.04
AST-1032,Access Point,2025-04-01,51.21,41.55,45.58,31.6,96.19
AST-1032,Access Point,2025-05-01,53.56,76.83,45.88,20.71,99.08
AST-1032,Access Point,2025-05-31,33.64,51.21,29.66,44.37,95.49
AST-1032,Access Point,2025-06-30,59.1,45.38,48.97,35.51,99.12
AST-1032,Access Point,2025-07-30,32.12,56.67,35.82,26.58,96.05
AST-1032,Access Point,2025-08-29,57.08,69.64,40.38,50.35,99.1
AST-1032,Access Point,2025-09-28,43.19,46.36,22.44,37.74,95.68
AST-1032,Access Point,2025-10-28,58.31,75.17,11.16,26.75,99.16
AST-1032,Access Point,2025-11-27,57.66,49.98,28.26,52.13,98.52
AST-1032,Access Point,2025-12-27,32.33,72.94,30.21,42.24,95.62
AST-1032,Access Point,2026-01-26,21.38,54.9,33.76,26.22,99.34
AST-1032,Access Point,2026-02-25,46.41,53.99,16.54,51.31,98.74
AST-1032,Access Point,2026-03-27,51.0,51.4,25.46,25.7,97.86
AST-1032,Access Point,2026-04-26,63.42,74.28,35.9,43.72,96.34
AST-1032,Access Point,2026-05-26,38.43,40.8,41.21,46.87,95.04
AST-1033,Access Point,2025-01-01,61.02,65.89,34.05,20.3,96.26
AST-1033,Access Point,2025-01-31,56.23,52.22,48.68,42.5,97.11
AST-1033,Access Point,2025-03-02,36.94,53.95,20.08,36.33,98.38
AST-1033,Access Point,2025-04-01,57.09,55.89,14.09,37.9,98.31
AST-1033,Access Point,2025-05-01,57.95,54.97,35.89,41.32,96.49
AST-1033,Access Point,2025-05-31,24.86,42.55,49.53,42.42,99.3
AST-1033,Access Point,2025-06-30,31.75,68.44,45.69,30.46,95.75
AST-1033,Access Point,2025-07-30,54.45,75.99,42.22,48.08,97.99
AST-1033,Access Point,2025-08-29,49.72,67.23,38.85,42.94,99.98
AST-1033,Access Point,2025-09-28,31.67,56.74,25.53,21.24,98.53
AST-1033,Access Point,2025-10-28,45.74,47.6,39.06,27.78,97.67
AST-1033,Access Point,2025-11-27,55.32,76.26,36.87,37.76,99.22
AST-1033,Access Point,2025-12-27,57.83,75.06,17.25,23.42,95.64
AST-1033,Access Point,2026-01-26,31.64,72.33,40.52,26.41,98.39
AST-1033,Access Point,2026-02-25,35.1,43.57,24.21,46.05,96.53
AST-1033,Access Point,2026-03-27,55.46,53.25,20.42,30.29,99.25
AST-1033,Access Point,2026-04-26,41.17,74.66,33.34,53.05,95.36
AST-1033,Access Point,2026-05-26,60.02,60.02,44.7,33.36,96.49
AST-1034,Access Point,2025-01-01,22.43,74.17,15.49,27.01,97.04
AST-1034,Access Point,2025-01-31,45.62,76.26,28.3,31.07,98.57
AST-1034,Access Point,2025-03-02,55.05,59.5,35.24,26.19,98.17
AST-1034,Access Point,2025-04-01,20.21,50.94,40.45,25.9,98.81
AST-1034,Access Point,2025-05-01,42.03,70.54,13.52,41.51,98.16
AST-1034,Access Point,2025-05-31,38.15,78.61,25.33,21.32,96.0
AST-1034,Access Point,2025-06-30,36.79,40.56,22.89,49.16,95.95
AST-1034,Access Point,2025-07-30,50.45,65.07,19.95,44.27,96.72
AST-1034,Access Point,2025-08-29,25.8,55.34,33.55,25.85,99.11
AST-1034,Access Point,2025-09-28,33.42,51.63,39.11,40.87,96.69
AST-1034,Access Point,2025-10-28,59.96,79.82,23.71,51.55,96.79
AST-1034,Access Point,2025-11-27,28.48,77.92,46.73,34.12,96.14
AST-1034,Access Point,2025-12-27,52.72,45.25,39.36,40.64,95.84
AST-1034,Access Point,2026-01-26,36.5,66.02,11.49,50.68,96.28
AST-1034,Access Point,2026-02-25,44.06,41.94,49.79,43.17,98.26
AST-1034,Access Point,2026-03-27,20.89,67.59,26.67,33.31,97.73
AST-1034,Access Point,2026-04-26,41.35,46.13,37.81,42.06,96.5
AST-1034,Access Point,2026-05-26,49.77,66.5,20.8,41.2,95.68
AST-1035,Access Point,2025-01-01,57.38,44.2,38.75,24.12,95.57
AST-1035,Access Point,2025-01-31,24.78,47.95,17.99,29.2,97.61
AST-1035,Access Point,2025-03-02,29.08,68.14,21.81,21.38,97.48
AST-1035,Access Point,2025-04-01,29.35,77.32,23.22,20.1,98.35
AST-1035,Access Point,2025-05-01,60.81,73.41,36.76,25.22,95.45
AST-1035,Access Point,2025-05-31,43.03,68.94,14.05,28.96,96.15
AST-1035,Access Point,2025-06-30,64.49,51.84,28.57,23.49,95.87
AST-1035,Access Point,2025-07-30,21.78,51.62,42.06,30.94,98.69
AST-1035,Access Point,2025-08-29,24.27,70.33,11.84,49.82,98.31
AST-1035,Access Point,2025-09-28,27.67,54.3,27.51,41.76,99.38
AST-1035,Access Point,2025-10-28,24.18,72.6,17.31,34.03,99.8
AST-1035,Access Point,2025-11-27,32.23,55.43,44.03,48.0,98.24
AST-1035,Access Point,2025-12-27,55.86,44.52,37.85,22.05,99.7
AST-1035,Access Point,2026-01-26,27.17,56.64,33.63,48.08,98.39
AST-1035,Access Point,2026-02-25,28.16,55.19,24.34,21.01,98.42
AST-1035,Access Point,2026-03-27,57.73,78.94,15.23,52.21,95.56
AST-1035,Access Point,2026-04-26,38.51,41.84,20.46,31.0,98.52
AST-1035,Access Point,2026-05-26,50.51,70.7,33.07,39.78,99.88
AST-1036,Access Point,2025-01-01,50.14,53.53,30.92,44.52,95.48
AST-1036,Access Point,2025-01-31,49.78,49.94,23.83,43.67,96.92
AST-1036,Access Point,2025-03-02,57.76,62.33,49.51,21.91,98.21
AST-1036,Access Point,2025-04-01,27.06,73.95,44.07,50.43,95.37
AST-1036,Access Point,2025-05-01,42.12,49.64,48.81,21.76,96.11
AST-1036,Access Point,2025-05-31,48.95,56.13,19.4,36.07,99.0
AST-1036,Access Point,2025-06-30,40.16,74.26,27.88,24.15,97.48
AST-1036,Access Point,2025-07-30,49.4,44.11,26.49,39.5,95.0
AST-1036,Access Point,2025-08-29,24.09,64.17,34.76,30.66,97.54
AST-1036,Access Point,2025-09-28,29.31,66.86,48.01,32.72,95.27
AST-1036,Access Point,2025-10-28,30.03,58.18,32.41,41.69,97.36
AST-1036,Access Point,2025-11-27,49.57,68.64,14.56,46.58,96.11
AST-1036,Access Point,2025-12-27,35.36,73.2,48.58,30.22,97.6
AST-1036,Access Point,2026-01-26,51.59,41.83,16.57,24.92,98.58
AST-1036,Access Point,2026-02-25,52.47,44.28,34.43,26.56,99.64
AST-1036,Access Point,2026-03-27,37.68,58.28,41.26,45.09,95.54
AST-1036,Access Point,2026-04-26,38.65,77.07,43.5,40.61,98.85
AST-1036,Access Point,2026-05-26,40.27,66.34,48.25,24.71,97.49
AST-1037,Access Point,2025-01-01,43.87,41.94,47.41,49.36,97.41
AST-1037,Access Point,2025-01-31,42.87,76.85,17.09,40.25,98.65
AST-1037,Access Point,2025-03-02,25.78,55.5,34.02,50.89,97.52
AST-1037,Access Point,2025-04-01,37.31,79.18,46.64,46.68,96.37
AST-1037,Access Point,2025-05-01,63.36,78.82,28.11,24.67,97.06
AST-1037,Access Point,2025-05-31,51.5,69.94,21.96,44.55,99.29
AST-1037,Access Point,2025-06-30,52.03,77.42,35.3,27.03,98.11
AST-1037,Access Point,2025-07-30,33.08,53.81,36.89,54.35,98.24
AST-1037,Access Point,2025-08-29,63.12,60.16,37.77,31.28,95.58
AST-1037,Access Point,2025-09-28,35.85,59.21,32.83,43.35,97.08
AST-1037,Access Point,2025-10-28,53.65,73.66,21.44,49.66,99.03
AST-1037,Access Point,2025-11-27,43.52,41.01,15.81,43.46,96.0
AST-1037,Access Point,2025-12-27,53.76,46.44,21.46,28.77,99.19
AST-1037,Access Point,2026-01-26,51.08,51.81,40.14,21.13,99.06
AST-1037,Access Point,2026-02-25,24.61,74.72,39.58,50.27,98.7
AST-1037,Access Point,2026-03-27,45.26,49.5,41.37,47.96,96.44
AST-1037,Access Point,2026-04-26,49.9,77.06,25.5,53.48,99.87
AST-1037,Access Point,2026-05-26,34.07,62.08,10.52,28.8,98.1
AST-1038,Access Point,2025-01-01,55.14,74.8,43.2,51.9,98.52
AST-1038,Access Point,2025-01-31,49.14,70.2,31.86,41.12,98.87
AST-1038,Access Point,2025-03-02,63.39,51.77,17.1,43.89,95.93
AST-1038,Access Point,2025-04-01,27.82,60.55,25.09,35.0,97.78
AST-1038,Access Point,2025-05-01,25.85,63.36,20.2,31.57,98.54
AST-1038,Access Point,2025-05-31,26.97,46.15,22.91,21.78,99.65
AST-1038,Access Point,2025-06-30,47.7,66.48,29.62,40.04,96.79
AST-1038,Access Point,2025-07-30,55.28,52.71,18.8,26.44,95.34
AST-1038,Access Point,2025-08-29,42.73,56.64,31.48,23.22,96.1
AST-1038,Access Point,2025-09-28,29.6,53.28,24.43,27.65,98.76
AST-1038,Access Point,2025-10-28,43.87,79.87,42.95,54.34,95.04
AST-1038,Access Point,2025-11-27,50.1,57.83,46.18,41.48,98.1
AST-1038,Access Point,2025-12-27,63.15,67.3,22.84,52.06,99.72
AST-1038,Access Point,2026-01-26,37.36,61.61,21.31,51.9,99.1
AST-1038,Access Point,2026-02-25,36.87,72.11,27.82,21.53,99.48
AST-1038,Access Point,2026-03-27,28.66,60.56,47.93,25.86,99.77
AST-1038,Access Point,2026-04-26,44.21,40.29,12.62,43.46,98.86
AST-1038,Access Point,2026-05-26,58.92,56.97,14.16,38.82,98.51
AST-1039,Access Point,2025-01-01,63.93,71.01,35.86,52.89,98.73
AST-1039,Access Point,2025-01-31,26.92,58.37,23.27,23.06,95.27
AST-1039,Access Point,2025-03-02,55.74,62.32,33.0,27.97,96.29
AST-1039,Access Point,2025-04-01,37.46,65.21,27.32,20.59,98.36
AST-1039,Access Point,2025-05-01,44.07,65.66,34.73,46.46,97.92
AST-1039,Access Point,2025-05-31,51.54,42.9,47.12,23.71,98.93
AST-1039,Access Point,2025-06-30,33.56,43.46,40.61,35.32,96.97
AST-1039,Access Point,2025-07-30,49.73,58.96,31.34,24.77,96.95
AST-1039,Access Point,2025-08-29,55.89,61.83,48.41,25.04,98.38
AST-1039,Access Point,2025-09-28,61.14,71.8,39.17,33.06,99.74
AST-1039,Access Point,2025-10-28,44.91,62.2,14.93,20.18,97.98
AST-1039,Access Point,2025-11-27,44.17,77.88,22.19,46.19,99.51
AST-1039,Access Point,2025-12-27,35.47,56.51,35.84,37.94,95.8
AST-1039,Access Point,2026-01-26,29.94,73.39,17.77,26.35,98.99
AST-1039,Access Point,2026-02-25,58.35,74.06,47.29,54.8,97.3
AST-1039,Access Point,2026-03-27,44.73,51.63,12.69,23.44,98.62
AST-1039,Access Point,2026-04-26,41.92,53.23,15.13,42.94,95.5
AST-1039,Access Point,2026-05-26,47.88,76.0,22.71,35.77,98.08
AST-1040,Access Point,2025-01-01,33.76,63.37,32.62,32.76,96.58
AST-1040,Access Point,2025-01-31,39.27,40.19,19.85,27.75,98.69
AST-1040,Access Point,2025-03-02,39.63,73.6,15.37,45.65,99.38
AST-1040,Access Point,2025-04-01,40.83,54.35,22.22,39.31,95.88
AST-1040,Access Point,2025-05-01,47.3,73.67,44.35,24.9,97.69
AST-1040,Access Point,2025-05-31,31.85,75.45,13.06,22.64,95.09
AST-1040,Access Point,2025-06-30,42.82,41.25,33.28,34.18,97.94
AST-1040,Access Point,2025-07-30,60.78,62.06,31.74,54.96,97.36
AST-1040,Access Point,2025-08-29,54.88,54.63,18.93,47.03,98.66
AST-1040,Access Point,2025-09-28,33.09,58.59,30.42,33.89,97.51
AST-1040,Access Point,2025-10-28,49.82,73.92,42.26,41.49,95.83
AST-1040,Access Point,2025-11-27,43.14,57.85,17.17,53.2,98.29
AST-1040,Access Point,2025-12-27,63.55,69.44,29.34,32.56,96.09
AST-1040,Access Point,2026-01-26,41.94,42.51,24.78,21.5,96.03
AST-1040,Access Point,2026-02-25,60.85,54.45,28.79,35.91,95.23
AST-1040,Access Point,2026-03-27,64.13,52.96,38.15,38.25,99.14
AST-1040,Access Point,2026-04-26,57.57,50.53,31.77,26.08,98.26
AST-1040,Access Point,2026-05-26,36.44,66.13,43.42,38.08,96.88
AST-1041,Access Point,2025-01-01,60.83,60.65,24.12,50.37,97.43
AST-1041,Access Point,2025-01-31,41.69,64.17,30.07,24.86,95.83
AST-1041,Access Point,2025-03-02,23.47,65.74,18.46,26.54,96.81
AST-1041,Access Point,2025-04-01,52.28,44.73,19.21,48.39,98.59
AST-1041,Access Point,2025-05-01,41.67,59.15,18.43,25.64,99.16
AST-1041,Access Point,2025-05-31,21.01,41.73,32.94,25.64,98.14
AST-1041,Access Point,2025-06-30,21.76,62.89,12.24,29.04,95.9
AST-1041,Access Point,2025-07-30,63.12,63.97,32.54,20.65,98.59
AST-1041,Access Point,2025-08-29,49.78,51.34,13.43,35.72,99.95
AST-1041,Access Point,2025-09-28,59.03,46.82,43.21,41.03,98.97
AST-1041,Access Point,2025-10-28,56.92,47.28,36.39,29.26,98.61
AST-1041,Access Point,2025-11-27,35.42,58.14,33.62,28.04,96.92
AST-1041,Access Point,2025-12-27,24.89,48.09,44.38,37.65,97.09
AST-1041,Access Point,2026-01-26,26.73,43.85,29.03,41.52,95.19
AST-1041,Access Point,2026-02-25,55.27,60.13,14.7,36.88,95.65
AST-1041,Access Point,2026-03-27,47.16,73.1,45.88,47.12,98.24
AST-1041,Access Point,2026-04-26,43.49,54.82,11.74,38.54,96.15
AST-1041,Access Point,2026-05-26,56.1,71.58,25.25,40.62,98.7
AST-1042,Access Point,2025-01-01,54.27,67.87,13.91,24.69,97.38
AST-1042,Access Point,2025-01-31,30.46,74.36,21.33,50.69,97.04
AST-1042,Access Point,2025-03-02,28.51,68.37,41.58,40.23,95.59
AST-1042,Access Point,2025-04-01,20.32,66.18,37.51,31.06,96.81
AST-1042,Access Point,2025-05-01,26.97,66.06,20.15,49.92,97.11
AST-1042,Access Point,2025-05-31,36.45,51.02,37.22,46.42,97.06
AST-1042,Access Point,2025-06-30,55.27,59.3,24.81,39.42,96.27
AST-1042,Access Point,2025-07-30,33.8,53.77,38.22,45.75,99.27
AST-1042,Access Point,2025-08-29,49.67,69.91,27.86,44.48,95.81
AST-1042,Access Point,2025-09-28,29.65,56.02,23.54,39.27,98.48
AST-1042,Access Point,2025-10-28,51.81,46.43,48.58,20.19,95.45
AST-1042,Access Point,2025-11-27,26.54,77.03,27.42,22.24,96.11
AST-1042,Access Point,2025-12-27,23.6,41.51,25.37,54.46,98.06
AST-1042,Access Point,2026-01-26,43.45,68.46,33.9,53.1,99.09
AST-1042,Access Point,2026-02-25,48.81,57.56,18.07,42.99,99.01
AST-1042,Access Point,2026-03-27,32.87,41.34,33.98,38.05,96.16
AST-1042,Access Point,2026-04-26,27.63,41.44,19.57,20.01,95.79
AST-1042,Access Point,2026-05-26,64.86,71.19,24.13,33.83,97.92
AST-1043,Access Point,2025-01-01,43.3,69.48,12.74,23.16,96.42
AST-1043,Access Point,2025-01-31,57.34,76.6,23.92,53.72,96.38
AST-1043,Access Point,2025-03-02,47.29,47.78,47.19,40.12,96.3
AST-1043,Access Point,2025-04-01,38.32,44.26,12.9,30.3,99.73
AST-1043,Access Point,2025-05-01,56.13,78.27,45.04,48.46,97.87
AST-1043,Access Point,2025-05-31,51.24,78.64,32.53,46.95,98.78
AST-1043,Access Point,2025-06-30,63.26,58.35,28.43,40.54,95.14
AST-1043,Access Point,2025-07-30,25.23,42.7,35.35,54.8,98.38
AST-1043,Access Point,2025-08-29,30.35,52.63,48.22,38.08,95.05
AST-1043,Access Point,2025-09-28,57.45,49.93,13.72,43.58,99.1
AST-1043,Access Point,2025-10-28,23.42,77.26,29.06,32.37,99.46
AST-1043,Access Point,2025-11-27,32.11,77.88,37.32,51.85,97.49
AST-1043,Access Point,2025-12-27,28.98,69.42,44.91,27.24,96.01
AST-1043,Access Point,2026-01-26,31.24,64.74,16.24,23.73,99.59
AST-1043,Access Point,2026-02-25,50.41,66.54,34.55,46.75,97.7
AST-1043,Access Point,2026-03-27,21.9,59.29,34.83,37.23,99.92
AST-1043,Access Point,2026-04-26,60.36,74.75,29.63,54.45,99.57
AST-1043,Access Point,2026-05-26,32.61,48.88,33.07,21.9,98.99
AST-1044,Access Point,2025-01-01,41.52,61.63,30.1,33.78,98.42
AST-1044,Access Point,2025-01-31,27.87,79.06,37.93,36.1,98.44
AST-1044,Access Point,2025-03-02,20.53,48.43,33.24,31.39,98.06
AST-1044,Access Point,2025-04-01,31.69,61.94,19.49,36.5,98.06
AST-1044,Access Point,2025-05-01,36.47,59.95,18.42,44.52,96.86
AST-1044,Access Point,2025-05-31,58.44,51.19,17.2,24.59,97.87
AST-1044,Access Point,2025-06-30,30.29,43.99,20.8,28.25,97.16
AST-1044,Access Point,2025-07-30,37.14,45.83,48.37,25.23,99.02
AST-1044,Access Point,2025-08-29,27.95,59.98,49.82,49.73,97.58
AST-1044,Access Point,2025-09-28,52.43,71.41,22.0,39.67,97.83
AST-1044,Access Point,2025-10-28,37.93,67.62,12.4,48.48,97.38
AST-1044,Access Point,2025-11-27,48.34,57.99,23.39,32.63,97.8
AST-1044,Access Point,2025-12-27,61.93,50.31,10.79,24.24,99.33
AST-1044,Access Point,2026-01-26,63.34,47.96,33.04,42.72,95.87
AST-1044,Access Point,2026-02-25,55.11,54.2,36.93,37.06,98.68
AST-1044,Access Point,2026-03-27,60.03,55.24,21.46,42.11,95.72
AST-1044,Access Point,2026-04-26,27.54,72.31,23.5,42.09,97.85
AST-1044,Access Point,2026-05-26,58.2,42.85,16.48,27.99,96.58
AST-1045,Access Point,2025-01-01,33.11,50.7,35.79,29.49,97.22
AST-1045,Access Point,2025-01-31,58.83,54.53,33.48,53.79,97.07
AST-1045,Access Point,2025-03-02,28.27,40.92,39.11,43.17,99.69
AST-1045,Access Point,2025-04-01,51.53,43.2,16.68,23.61,95.32
AST-1045,Access Point,2025-05-01,59.54,61.94,11.05,33.9,98.82
AST-1045,Access Point,2025-05-31,23.75,50.5,16.21,42.92,99.42
AST-1045,Access Point,2025-06-30,33.92,49.9,21.37,41.93,95.66
AST-1045,Access Point,2025-07-30,57.73,41.14,36.54,50.11,96.62
AST-1045,Access Point,2025-08-29,41.43,79.0,31.62,29.53,97.22
AST-1045,Access Point,2025-09-28,63.63,67.9,17.08,40.92,98.15
AST-1045,Access Point,2025-10-28,48.61,62.56,30.94,42.38,96.55
AST-1045,Access Point,2025-11-27,35.62,61.59,42.19,35.47,96.83
AST-1045,Access Point,2025-12-27,31.69,52.14,10.0,48.54,99.23
AST-1045,Access Point,2026-01-26,35.47,58.77,10.33,52.27,99.73
AST-1045,Access Point,2026-02-25,41.47,40.37,27.22,30.25,96.15
AST-1045,Access Point,2026-03-27,20.32,54.95,26.47,39.62,96.97
AST-1045,Access Point,2026-04-26,27.35,69.48,25.59,33.24,96.31
AST-1045,Access Point,2026-05-26,39.0,49.58,40.58,51.85,99.03
AST-1046,Access Point,2025-01-01,50.81,51.39,39.72,48.31,97.06
AST-1046,Access Point,2025-01-31,58.41,47.3,21.58,42.29,98.08
AST-1046,Access Point,2025-03-02,32.25,64.91,17.51,20.68,95.25
AST-1046,Access Point,2025-04-01,44.07,47.44,14.09,29.42,98.57
AST-1046,Access Point,2025-05-01,52.72,49.31,16.03,37.28,96.71
AST-1046,Access Point,2025-05-31,34.02,71.98,49.92,36.23,98.95
AST-1046,Access Point,2025-06-30,34.86,73.74,48.07,21.96,98.87
AST-1046,Access Point,2025-07-30,23.21,58.81,17.69,49.45,99.08
AST-1046,Access Point,2025-08-29,57.27,44.88,40.73,28.71,98.85
AST-1046,Access Point,2025-09-28,39.93,69.5,11.34,36.13,98.85
AST-1046,Access Point,2025-10-28,43.45,79.28,28.91,43.85,96.56
AST-1046,Access Point,2025-11-27,34.54,65.17,11.69,52.81,97.6
AST-1046,Access Point,2025-12-27,31.4,65.54,17.95,51.06,99.31
AST-1046,Access Point,2026-01-26,29.8,44.52,35.32,31.36,95.84
AST-1046,Access Point,2026-02-25,32.42,44.79,41.57,20.31,95.21
AST-1046,Access Point,2026-03-27,55.26,59.01,33.85,33.0,95.45
AST-1046,Access Point,2026-04-26,27.1,43.66,34.75,52.58,99.97
AST-1046,Access Point,2026-05-26,48.13,42.39,35.78,44.55,98.95
AST-1047,Access Point,2025-01-01,25.66,49.31,49.27,47.6,98.78
AST-1047,Access Point,2025-01-31,56.25,57.55,17.72,44.12,96.79
AST-1047,Access Point,2025-03-02,26.06,75.95,29.41,35.31,96.47
AST-1047,Access Point,2025-04-01,51.37,47.59,17.47,32.17,98.65
AST-1047,Access Point,2025-05-01,32.39,73.25,46.58,39.41,95.34
AST-1047,Access Point,2025-05-31,26.98,51.83,20.53,32.85,95.0
AST-1047,Access Point,2025-06-30,48.71,55.16,17.42,20.66,99.28
AST-1047,Access Point,2025-07-30,54.92,49.55,38.84,43.04,97.69
AST-1047,Access Point,2025-08-29,37.44,60.96,29.9,39.3,98.06
AST-1047,Access Point,2025-09-28,34.52,65.64,14.42,38.31,95.33
AST-1047,Access Point,2025-10-28,57.58,45.19,44.94,27.07,97.42
AST-1047,Access Point,2025-11-27,24.44,62.84,43.45,43.03,97.62
AST-1047,Access Point,2025-12-27,51.56,50.24,24.65,41.21,95.35
AST-1047,Access Point,2026-01-26,61.86,48.35,29.66,51.14,95.4
AST-1047,Access Point,2026-02-25,56.05,42.43,32.32,52.84,97.08
AST-1047,Access Point,2026-03-27,36.61,68.34,42.95,29.3,95.2
AST-1047,Access Point,2026-04-26,23.17,52.16,47.78,53.62,95.48
AST-1047,Access Point,2026-05-26,52.63,61.27,17.58,38.42,96.24
AST-1048,Access Point,2025-01-01,48.14,47.16,39.97,34.53,95.53
AST-1048,Access Point,2025-01-31,48.74,54.32,28.35,43.28,99.41
AST-1048,Access Point,2025-03-02,27.51,47.22,26.06,31.81,95.79
AST-1048,Access Point,2025-04-01,64.93,57.72,24.09,31.03,99.95
AST-1048,Access Point,2025-05-01,34.61,54.87,40.57,35.07,98.62
AST-1048,Access Point,2025-05-31,47.38,62.53,18.56,46.8,99.62
AST-1048,Access Point,2025-06-30,31.43,78.47,27.9,33.9,98.62
AST-1048,Access Point,2025-07-30,64.23,63.83,30.7,54.77,96.51
AST-1048,Access Point,2025-08-29,33.52,48.88,44.23,20.76,99.1
AST-1048,Access Point,2025-09-28,51.04,51.04,32.15,39.47,99.62
AST-1048,Access Point,2025-10-28,26.96,41.51,24.23,24.84,96.83
AST-1048,Access Point,2025-11-27,46.2,49.32,42.44,23.22,96.99
AST-1048,Access Point,2025-12-27,61.3,69.37,38.94,47.75,95.86
AST-1048,Access Point,2026-01-26,57.16,67.58,33.05,51.77,97.97
AST-1048,Access Point,2026-02-25,33.52,69.23,33.05,22.75,95.28
AST-1048,Access Point,2026-03-27,54.69,53.92,42.69,34.58,99.33
AST-1048,Access Point,2026-04-26,59.14,49.07,36.11,41.08,95.06
AST-1048,Access Point,2026-05-26,54.98,55.3,22.19,21.44,97.69
AST-1049,Access Point,2025-01-01,26.73,60.1,18.83,21.77,98.65
AST-1049,Access Point,2025-01-31,37.68,57.82,33.81,37.67,96.11
AST-1049,Access Point,2025-03-02,33.04,55.77,15.29,22.89,97.85
AST-1049,Access Point,2025-04-01,22.22,55.97,13.4,37.56,98.86
AST-1049,Access Point,2025-05-01,25.87,45.39,32.37,37.08,98.25
AST-1049,Access Point,2025-05-31,28.82,64.64,39.43,28.62,95.36
AST-1049,Access Point,2025-06-30,54.95,52.94,46.97,23.14,98.35
AST-1049,Access Point,2025-07-30,39.06,53.93,22.83,40.79,95.12
AST-1049,Access Point,2025-08-29,33.72,79.51,34.65,54.66,97.21
AST-1049,Access Point,2025-09-28,26.56,41.8,42.73,26.99,96.87
AST-1049,Access Point,2025-10-28,54.1,74.11,14.49,21.91,99.74
AST-1049,Access Point,2025-11-27,61.7,74.75,42.81,20.48,98.46
AST-1049,Access Point,2025-12-27,25.01,58.0,10.91,27.32,97.68
AST-1049,Access Point,2026-01-26,29.17,60.93,20.35,36.91,98.64
AST-1049,Access Point,2026-02-25,26.36,67.95,10.74,40.41,98.31
AST-1049,Access Point,2026-03-27,21.96,46.81,21.36,47.62,98.08
AST-1049,Access Point,2026-04-26,22.39,66.19,10.33,33.6,96.35
AST-1049,Access Point,2026-05-26,58.34,66.4,44.57,20.67,99.33
AST-1050,Access Point,2025-01-01,49.22,49.25,25.23,54.18,95.5
AST-1050,Access Point,2025-01-31,34.2,74.67,31.26,26.52,97.5
AST-1050,Access Point,2025-03-02,40.61,77.05,10.86,28.66,97.64
AST-1050,Access Point,2025-04-01,35.01,55.74,16.28,32.14,96.76
AST-1050,Access Point,2025-05-01,48.14,49.45,49.13,37.54,99.05
AST-1050,Access Point,2025-05-31,48.16,75.15,45.62,48.52,95.15
AST-1050,Access Point,2025-06-30,44.97,51.21,16.07,51.4,98.28
AST-1050,Access Point,2025-07-30,23.95,55.29,48.42,41.44,98.12
AST-1050,Access Point,2025-08-29,30.23,49.61,16.11,53.97,99.54
AST-1050,Access Point,2025-09-28,34.82,61.69,18.27,24.85,97.7
AST-1050,Access Point,2025-10-28,56.0,74.5,22.36,44.68,97.61
AST-1050,Access Point,2025-11-27,26.09,79.83,49.03,25.08,99.66
AST-1050,Access Point,2025-12-27,61.27,52.7,32.29,53.2,95.59
AST-1050,Access Point,2026-01-26,34.29,75.19,39.08,46.79,99.39
AST-1050,Access Point,2026-02-25,38.63,56.45,27.72,52.68,99.46
AST-1050,Access Point,2026-03-27,62.0,50.95,41.16,23.74,95.92
AST-1050,Access Point,2026-04-26,54.31,64.48,20.67,39.85,96.15
AST-1050,Access Point,2026-05-26,30.45,67.5,24.37,44.08,97.38
AST-1051,Access Point,2025-01-01,42.6,64.19,38.48,33.09,99.25
AST-1051,Access Point,2025-01-31,42.12,45.5,17.73,21.13,98.82
AST-1051,Access Point,2025-03-02,20.68,50.79,26.52,45.98,99.93
AST-1051,Access Point,2025-04-01,54.1,42.65,47.08,54.5,99.33
AST-1051,Access Point,2025-05-01,42.05,53.0,28.3,28.64,97.02
AST-1051,Access Point,2025-05-31,21.88,69.41,25.21,30.95,98.05
AST-1051,Access Point,2025-06-30,53.41,63.75,31.01,50.65,98.93
AST-1051,Access Point,2025-07-30,43.43,58.06,43.08,21.48,99.97
AST-1051,Access Point,2025-08-29,43.34,55.82,39.41,39.52,97.58
AST-1051,Access Point,2025-09-28,48.38,41.97,21.65,33.93,96.52
AST-1051,Access Point,2025-10-28,57.24,58.45,26.9,41.46,95.27
AST-1051,Access Point,2025-11-27,43.26,45.69,43.2,35.81,98.61
AST-1051,Access Point,2025-12-27,25.09,71.15,47.51,44.36,95.68
AST-1051,Access Point,2026-01-26,38.61,58.04,17.16,40.66,98.56
AST-1051,Access Point,2026-02-25,29.09,58.19,20.0,44.21,99.53
AST-1051,Access Point,2026-03-27,55.84,68.73,14.94,24.0,97.24
AST-1051,Access Point,2026-04-26,36.33,60.95,25.36,47.69,97.55
AST-1051,Access Point,2026-05-26,62.74,55.15,25.22,46.89,99.55
AST-1052,Access Point,2025-01-01,45.45,66.38,16.0,50.41,95.89
AST-1052,Access Point,2025-01-31,52.04,56.78,22.38,46.9,97.23
AST-1052,Access Point,2025-03-02,48.19,44.7,15.26,27.1,98.11
AST-1052,Access Point,2025-04-01,31.39,58.35,44.22,39.02,95.03
AST-1052,Access Point,2025-05-01,59.72,49.52,33.55,36.65,97.05
AST-1052,Access Point,2025-05-31,23.57,64.0,19.79,39.16,98.09
AST-1052,Access Point,2025-06-30,45.09,73.01,11.96,25.19,98.26
AST-1052,Access Point,2025-07-30,21.65,74.15,36.68,49.33,96.49
AST-1052,Access Point,2025-08-29,61.42,41.96,26.68,26.24,98.35
AST-1052,Access Point,2025-09-28,47.5,67.66,33.8,47.56,95.89
AST-1052,Access Point,2025-10-28,40.49,63.16,47.26,23.26,96.49
AST-1052,Access Point,2025-11-27,36.59,55.16,12.71,34.96,97.75
AST-1052,Access Point,2025-12-27,33.18,45.38,37.78,29.6,97.63
AST-1052,Access Point,2026-01-26,43.61,67.83,34.48,23.83,98.64
AST-1052,Access Point,2026-02-25,48.3,79.49,29.35,44.1,99.66
AST-1052,Access Point,2026-03-27,64.38,51.49,34.35,31.08,97.62
AST-1052,Access Point,2026-04-26,64.78,54.15,15.19,39.69,97.59
AST-1052,Access Point,2026-05-26,48.43,59.7,17.2,41.33,98.54
AST-1053,Access Point,2025-01-01,64.07,40.06,10.96,41.89,95.59
AST-1053,Access Point,2025-01-31,58.16,71.98,49.96,34.49,96.67
AST-1053,Access Point,2025-03-02,45.22,65.5,10.45,27.04,96.41
AST-1053,Access Point,2025-04-01,55.56,52.31,30.27,31.34,95.03
AST-1053,Access Point,2025-05-01,50.86,53.65,38.98,41.56,95.15
AST-1053,Access Point,2025-05-31,27.9,53.22,23.52,43.54,99.57
AST-1053,Access Point,2025-06-30,55.88,65.83,29.26,41.95,99.45
AST-1053,Access Point,2025-07-30,44.16,53.4,41.36,34.49,98.71
AST-1053,Access Point,2025-08-29,57.58,51.97,39.0,31.04,97.67
AST-1053,Access Point,2025-09-28,29.37,67.42,41.98,51.08,96.76
AST-1053,Access Point,2025-10-28,63.63,51.22,11.25,54.43,98.13
AST-1053,Access Point,2025-11-27,57.91,62.84,25.58,40.83,99.31
AST-1053,Access Point,2025-12-27,53.82,68.21,22.58,21.11,97.07
AST-1053,Access Point,2026-01-26,42.37,49.51,28.08,53.28,96.08
AST-1053,Access Point,2026-02-25,33.6,44.49,41.4,47.22,99.56
AST-1053,Access Point,2026-03-27,39.97,41.0,29.31,37.5,95.95
AST-1053,Access Point,2026-04-26,61.56,69.3,30.95,47.14,95.72
AST-1053,Access Point,2026-05-26,59.23,72.89,47.52,43.69,95.66
AST-1054,Access Point,2025-01-01,52.61,58.37,38.55,38.28,95.02
AST-1054,Access Point,2025-01-31,61.96,67.48,33.77,23.05,97.33
AST-1054,Access Point,2025-03-02,22.08,60.82,36.36,30.94,97.88
AST-1054,Access Point,2025-04-01,34.05,75.69,22.84,26.74,96.38
AST-1054,Access Point,2025-05-01,34.36,57.64,14.71,25.23,96.37
AST-1054,Access Point,2025-05-31,20.69,64.92,30.56,27.23,96.75
AST-1054,Access Point,2025-06-30,34.33,45.66,38.17,29.91,96.22
AST-1054,Access Point,2025-07-30,23.21,64.53,23.55,35.53,95.65
AST-1054,Access Point,2025-08-29,41.18,67.02,14.24,21.88,97.13
AST-1054,Access Point,2025-09-28,28.05,63.84,33.71,49.27,98.49
AST-1054,Access Point,2025-10-28,47.73,52.5,42.7,44.95,98.35
AST-1054,Access Point,2025-11-27,44.01,78.95,40.23,36.3,95.66
AST-1054,Access Point,2025-12-27,56.58,76.79,28.73,35.95,98.42
AST-1054,Access Point,2026-01-26,51.96,58.62,19.27,27.83,99.3
AST-1054,Access Point,2026-02-25,47.76,76.51,25.68,44.49,98.32
AST-1054,Access Point,2026-03-27,55.5,75.3,28.13,21.06,97.37
AST-1054,Access Point,2026-04-26,35.81,58.45,16.83,46.88,98.02
AST-1054,Access Point,2026-05-26,25.73,44.12,42.7,47.89,96.63
AST-1055,Access Point,2025-01-01,49.23,71.7,31.31,34.03,97.06
AST-1055,Access Point,2025-01-31,47.94,61.92,48.96,33.43,96.7
AST-1055,Access Point,2025-03-02,56.63,63.64,41.37,35.24,98.93
AST-1055,Access Point,2025-04-01,44.5,49.45,36.5,22.73,99.65
AST-1055,Access Point,2025-05-01,45.84,59.47,33.69,36.2,97.77
AST-1055,Access Point,2025-05-31,56.99,47.05,48.24,22.44,95.54
AST-1055,Access Point,2025-06-30,56.63,70.85,25.16,37.3,98.29
AST-1055,Access Point,2025-07-30,24.07,72.68,45.49,51.61,98.17
AST-1055,Access Point,2025-08-29,20.01,45.87,15.97,38.59,96.95
AST-1055,Access Point,2025-09-28,46.01,47.83,37.26,31.08,97.85
AST-1055,Access Point,2025-10-28,61.09,52.18,47.73,35.22,99.9
AST-1055,Access Point,2025-11-27,35.49,43.57,10.32,54.52,97.02
AST-1055,Access Point,2025-12-27,25.74,51.77,24.77,39.21,95.27
AST-1055,Access Point,2026-01-26,51.65,72.83,24.37,50.14,99.32
AST-1055,Access Point,2026-02-25,30.59,68.09,25.77,31.13,96.91
AST-1055,Access Point,2026-03-27,37.17,61.8,36.5,36.62,95.94
AST-1055,Access Point,2026-04-26,37.31,76.98,43.6,25.4,99.98
AST-1055,Access Point,2026-05-26,50.15,45.37,12.87,20.55,98.6
AST-1056,Access Point,2025-01-01,41.9,57.47,49.61,22.96,98.2
AST-1056,Access Point,2025-01-31,38.71,58.24,41.56,41.16,97.12
AST-1056,Access Point,2025-03-02,28.09,60.38,32.08,35.75,96.77
AST-1056,Access Point,2025-04-01,28.36,64.18,33.12,49.64,96.18
AST-1056,Access Point,2025-05-01,42.58,56.43,31.85,32.84,99.88
AST-1056,Access Point,2025-05-31,45.57,68.2,14.53,36.85,98.45
AST-1056,Access Point,2025-06-30,26.39,69.25,49.34,54.43,98.89
AST-1056,Access Point,2025-07-30,40.92,43.13,45.6,23.1,97.36
AST-1056,Access Point,2025-08-29,53.38,78.42,13.12,42.18,98.98
AST-1056,Access Point,2025-09-28,34.06,42.11,23.74,47.25,97.34
AST-1056,Access Point,2025-10-28,43.07,58.77,39.35,34.74,99.79
AST-1056,Access Point,2025-11-27,55.92,51.57,11.41,52.3,98.74
AST-1056,Access Point,2025-12-27,52.71,62.55,12.46,36.56,95.84
AST-1056,Access Point,2026-01-26,22.32,79.61,42.36,41.85,96.43
AST-1056,Access Point,2026-02-25,23.71,60.22,44.06,29.72,95.66
AST-1056,Access Point,2026-03-27,32.64,74.31,10.57,23.9,95.87
AST-1056,Access Point,2026-04-26,46.63,46.05,27.87,48.27,96.3
AST-1056,Access Point,2026-05-26,51.53,59.4,41.97,50.17,96.71
AST-1057,Access Point,2025-01-01,23.8,45.8,47.36,25.4,97.47
AST-1057,Access Point,2025-01-31,64.71,70.81,19.52,35.41,98.18
AST-1057,Access Point,2025-03-02,29.49,69.37,23.8,42.48,98.77
AST-1057,Access Point,2025-04-01,25.22,46.7,25.95,30.55,98.72
AST-1057,Access Point,2025-05-01,53.86,61.3,25.19,44.7,97.37
AST-1057,Access Point,2025-05-31,26.53,74.81,10.47,52.45,97.24
AST-1057,Access Point,2025-06-30,50.53,78.47,37.32,21.44,99.58
AST-1057,Access Point,2025-07-30,48.68,78.25,27.27,52.13,99.28
AST-1057,Access Point,2025-08-29,35.07,50.68,13.93,42.9,96.95
AST-1057,Access Point,2025-09-28,54.79,69.96,39.37,40.61,95.97
AST-1057,Access Point,2025-10-28,35.18,67.61,17.2,39.17,98.36
AST-1057,Access Point,2025-11-27,57.43,40.48,13.91,23.64,97.23
AST-1057,Access Point,2025-12-27,29.87,51.33,17.72,20.83,95.46
AST-1057,Access Point,2026-01-26,62.23,66.26,43.42,53.27,98.18
AST-1057,Access Point,2026-02-25,51.86,44.8,44.26,24.55,98.28
AST-1057,Access Point,2026-03-27,60.5,62.64,48.69,51.36,98.47
AST-1057,Access Point,2026-04-26,31.4,58.68,47.45,42.36,99.6
AST-1057,Access Point,2026-05-26,32.44,57.08,46.14,46.95,96.61
AST-1058,Access Point,2025-01-01,27.29,42.96,41.08,33.4,96.66
AST-1058,Access Point,2025-01-31,22.7,78.22,20.59,35.42,97.45
AST-1058,Access Point,2025-03-02,61.79,64.41,17.14,37.22,95.72
AST-1058,Access Point,2025-04-01,54.59,48.74,35.73,51.94,98.57
AST-1058,Access Point,2025-05-01,24.65,42.92,32.85,28.77,97.22
AST-1058,Access Point,2025-05-31,60.34,45.95,35.61,52.65,98.32
AST-1058,Access Point,2025-06-30,31.99,68.0,46.18,40.11,97.57
AST-1058,Access Point,2025-07-30,62.3,59.63,27.44,49.54,98.9
AST-1058,Access Point,2025-08-29,55.34,61.61,10.13,53.4,99.08
AST-1058,Access Point,2025-09-28,41.69,62.69,47.4,32.56,98.4
AST-1058,Access Point,2025-10-28,38.03,65.29,48.35,23.17,97.67
AST-1058,Access Point,2025-11-27,63.24,43.22,28.39,46.83,98.23
AST-1058,Access Point,2025-12-27,27.95,41.57,25.37,26.69,98.47
AST-1058,Access Point,2026-01-26,60.34,65.22,24.37,22.97,98.16
AST-1058,Access Point,2026-02-25,53.09,45.6,17.72,45.19,97.96
AST-1058,Access Point,2026-03-27,42.02,42.52,31.62,30.77,97.66
AST-1058,Access Point,2026-04-26,57.54,57.97,49.83,21.3,95.28
AST-1058,Access Point,2026-05-26,55.45,41.71,14.73,48.25,98.33
AST-1059,Access Point,2025-01-01,40.63,67.12,44.97,25.21,97.89
AST-1059,Access Point,2025-01-31,61.62,41.48,15.66,42.88,97.35
AST-1059,Access Point,2025-03-02,61.31,41.83,38.05,24.57,95.86
AST-1059,Access Point,2025-04-01,22.25,52.29,41.75,35.97,95.85
AST-1059,Access Point,2025-05-01,46.6,72.71,14.25,37.4,98.99
AST-1059,Access Point,2025-05-31,29.93,72.18,27.05,48.4,99.9
AST-1059,Access Point,2025-06-30,50.53,52.97,49.03,40.16,95.69
AST-1059,Access Point,2025-07-30,57.64,71.72,40.57,40.76,96.67
AST-1059,Access Point,2025-08-29,25.43,45.65,26.61,44.37,97.76
AST-1059,Access Point,2025-09-28,39.74,77.03,11.63,23.5,99.23
AST-1059,Access Point,2025-10-28,47.56,71.11,10.63,37.04,95.03
AST-1059,Access Point,2025-11-27,28.07,43.57,36.07,51.04,97.08
AST-1059,Access Point,2025-12-27,56.33,70.9,37.69,27.22,98.19
AST-1059,Access Point,2026-01-26,43.54,56.48,47.52,41.37,95.19
AST-1059,Access Point,2026-02-25,28.1,60.0,48.01,41.95,98.91
AST-1059,Access Point,2026-03-27,35.65,40.18,19.43,24.11,97.65
AST-1059,Access Point,2026-04-26,24.31,54.48,40.45,38.89,96.09
AST-1059,Access Point,2026-05-26,54.66,66.37,21.06,26.78,98.98
AST-1060,Access Point,2025-01-01,50.84,78.74,28.98,26.17,98.34
AST-1060,Access Point,2025-01-31,21.94,65.79,21.4,35.21,96.67
AST-1060,Access Point,2025-03-02,56.23,70.34,11.73,45.91,99.62
AST-1060,Access Point,2025-04-01,27.91,71.42,29.4,24.06,99.47
AST-1060,Access Point,2025-05-01,52.46,63.71,23.04,26.96,98.38
AST-1060,Access Point,2025-05-31,34.66,71.16,23.05,23.43,98.68
AST-1060,Access Point,2025-06-30,59.14,55.02,18.83,36.48,97.42
AST-1060,Access Point,2025-07-30,60.07,45.8,47.12,35.92,96.93
AST-1060,Access Point,2025-08-29,26.14,68.79,35.28,54.14,96.01
AST-1060,Access Point,2025-09-28,25.72,67.69,12.39,24.78,99.25
AST-1060,Access Point,2025-10-28,40.64,46.85,23.74,51.02,98.01
AST-1060,Access Point,2025-11-27,55.53,65.52,34.46,25.95,99.84
AST-1060,Access Point,2025-12-27,58.48,43.46,44.28,37.12,99.97
AST-1060,Access Point,2026-01-26,46.62,73.48,21.17,45.55,98.67
AST-1060,Access Point,2026-02-25,31.1,53.09,33.18,51.21,97.95
AST-1060,Access Point,2026-03-27,26.7,62.95,10.2,54.31,95.2
AST-1060,Access Point,2026-04-26,41.18,70.74,11.34,38.59,97.39
AST-1060,Access Point,2026-05-26,55.91,72.85,28.1,28.42,97.79
AST-1061,Access Point,2025-01-01,20.56,69.27,48.0,24.64,96.48
AST-1061,Access Point,2025-01-31,49.14,43.63,29.19,30.67,98.51
AST-1061,Access Point,2025-03-02,58.61,69.89,10.98,35.92,98.85
AST-1061,Access Point,2025-04-01,59.34,56.21,41.59,32.96,97.32
AST-1061,Access Point,2025-05-01,48.5,74.42,12.83,51.27,96.66
AST-1061,Access Point,2025-05-31,21.47,57.04,20.79,53.11,97.71
AST-1061,Access Point,2025-06-30,55.75,71.51,13.24,50.83,98.67
AST-1061,Access Point,2025-07-30,22.47,77.81,36.99,51.08,95.55
AST-1061,Access Point,2025-08-29,36.45,64.77,24.62,26.13,97.79
AST-1061,Access Point,2025-09-28,23.02,68.37,18.19,54.34,96.19
AST-1061,Access Point,2025-10-28,25.11,59.14,47.57,40.3,99.79
AST-1061,Access Point,2025-11-27,29.44,69.8,19.02,32.34,96.33
AST-1061,Access Point,2025-12-27,50.61,51.09,12.53,32.08,97.43
AST-1061,Access Point,2026-01-26,43.7,44.91,38.39,43.74,97.66
AST-1061,Access Point,2026-02-25,33.15,64.84,42.0,53.09,99.04
AST-1061,Access Point,2026-03-27,62.34,42.63,45.68,36.03,95.4
AST-1061,Access Point,2026-04-26,60.41,51.53,48.27,23.83,96.38
AST-1061,Access Point,2026-05-26,51.37,59.85,45.0,38.22,98.13
AST-1062,Access Point,2025-01-01,33.19,78.78,31.66,24.62,96.73
AST-1062,Access Point,2025-01-31,39.97,65.79,21.66,22.2,99.35
AST-1062,Access Point,2025-03-02,30.45,77.9,35.79,34.41,96.71
AST-1062,Access Point,2025-04-01,49.07,53.05,33.73,44.39,99.2
AST-1062,Access Point,2025-05-01,40.04,52.16,15.28,47.63,95.86
AST-1062,Access Point,2025-05-31,31.7,59.37,48.83,46.94,95.24
AST-1062,Access Point,2025-06-30,35.89,58.24,16.65,52.34,98.55
AST-1062,Access Point,2025-07-30,32.84,78.93,43.57,44.25,98.33
AST-1062,Access Point,2025-08-29,26.91,49.52,11.65,31.08,95.63
AST-1062,Access Point,2025-09-28,31.72,47.38,32.5,21.21,96.58
AST-1062,Access Point,2025-10-28,35.47,54.92,31.59,25.69,96.5
AST-1062,Access Point,2025-11-27,61.42,56.18,29.98,25.09,97.29
AST-1062,Access Point,2025-12-27,34.41,40.17,39.54,54.15,96.65
AST-1062,Access Point,2026-01-26,51.75,58.96,21.59,53.04,99.89
AST-1062,Access Point,2026-02-25,45.82,45.88,32.61,51.74,97.21
AST-1062,Access Point,2026-03-27,51.01,69.27,46.01,24.88,97.75
AST-1062,Access Point,2026-04-26,33.86,56.07,43.64,35.61,95.46
AST-1062,Access Point,2026-05-26,22.48,65.65,33.34,27.78,99.67
AST-1063,Access Point,2025-01-01,32.51,40.9,31.54,35.59,98.35
AST-1063,Access Point,2025-01-31,23.93,60.47,17.78,31.12,98.02
AST-1063,Access Point,2025-03-02,62.45,76.34,24.44,25.18,99.26
AST-1063,Access Point,2025-04-01,36.63,54.91,21.39,32.3,99.88
AST-1063,Access Point,2025-05-01,59.34,43.5,39.11,35.55,99.95
AST-1063,Access Point,2025-05-31,56.17,51.55,42.23,53.96,97.11
AST-1063,Access Point,2025-06-30,60.34,45.58,33.49,23.01,96.04
AST-1063,Access Point,2025-07-30,41.36,74.7,49.47,22.31,99.79
AST-1063,Access Point,2025-08-29,54.03,43.54,26.38,52.0,97.07
AST-1063,Access Point,2025-09-28,45.01,68.41,40.21,24.79,95.93
AST-1063,Access Point,2025-10-28,37.18,62.15,11.69,48.92,99.16
AST-1063,Access Point,2025-11-27,33.68,62.37,28.54,20.94,95.01
AST-1063,Access Point,2025-12-27,31.82,78.24,43.37,36.54,98.26
AST-1063,Access Point,2026-01-26,60.17,56.69,29.68,44.07,96.22
AST-1063,Access Point,2026-02-25,25.37,51.09,49.77,22.34,98.72
AST-1063,Access Point,2026-03-27,46.15,62.62,44.73,41.98,97.38
AST-1063,Access Point,2026-04-26,51.24,44.78,30.5,40.13,99.22
AST-1063,Access Point,2026-05-26,27.33,42.34,22.79,50.74,95.68
AST-1064,Access Point,2025-01-01,27.35,50.91,26.78,51.92,96.78
AST-1064,Access Point,2025-01-31,33.04,61.18,47.45,37.99,98.82
AST-1064,Access Point,2025-03-02,28.25,43.78,40.11,39.03,99.35
AST-1064,Access Point,2025-04-01,57.21,67.4,22.04,43.99,98.43
AST-1064,Access Point,2025-05-01,24.31,63.2,42.93,20.45,97.59
AST-1064,Access Point,2025-05-31,36.79,59.4,23.61,51.88,95.51
AST-1064,Access Point,2025-06-30,26.95,48.84,17.54,51.4,98.06
AST-1064,Access Point,2025-07-30,57.41,61.03,31.28,39.29,98.77
AST-1064,Access Point,2025-08-29,25.13,58.42,13.06,48.66,99.61
AST-1064,Access Point,2025-09-28,41.58,52.46,24.5,48.6,99.44
AST-1064,Access Point,2025-10-28,46.89,70.54,23.68,44.85,95.14
AST-1064,Access Point,2025-11-27,56.66,48.89,44.27,24.98,96.13
AST-1064,Access Point,2025-12-27,25.64,45.21,13.14,44.18,98.91
AST-1064,Access Point,2026-01-26,23.5,70.99,40.29,21.49,95.54
AST-1064,Access Point,2026-02-25,55.69,60.54,12.37,24.16,96.26
AST-1064,Access Point,2026-03-27,22.98,66.7,40.18,47.38,99.59
AST-1064,Access Point,2026-04-26,29.24,76.05,17.39,32.3,95.45
AST-1064,Access Point,2026-05-26,58.06,77.67,47.95,32.17,95.8
AST-1065,Access Point,2025-01-01,42.53,69.14,19.67,39.96,95.49
AST-1065,Access Point,2025-01-31,46.02,40.56,18.68,26.7,96.41
AST-1065,Access Point,2025-03-02,60.57,61.49,48.94,23.45,96.07
AST-1065,Access Point,2025-04-01,42.69,68.31,24.66,40.63,97.19
AST-1065,Access Point,2025-05-01,63.1,47.23,24.19,33.29,96.07
AST-1065,Access Point,2025-05-31,30.24,44.51,49.38,24.33,95.55
AST-1065,Access Point,2025-06-30,26.12,70.49,38.19,39.5,95.2
AST-1065,Access Point,2025-07-30,34.77,44.63,21.34,41.01,96.56
AST-1065,Access Point,2025-08-29,63.93,57.76,32.16,30.17,99.27
AST-1065,Access Point,2025-09-28,28.5,42.78,43.64,36.65,98.39
AST-1065,Access Point,2025-10-28,28.07,79.95,29.67,23.68,97.19
AST-1065,Access Point,2025-11-27,49.63,43.4,15.73,34.02,97.95
AST-1065,Access Point,2025-12-27,24.58,77.01,49.11,22.26,99.87
AST-1065,Access Point,2026-01-26,35.24,63.8,49.63,24.3,99.18
AST-1065,Access Point,2026-02-25,52.63,51.14,38.54,40.37,96.36
AST-1065,Access Point,2026-03-27,55.53,65.75,26.01,36.65,98.01
AST-1065,Access Point,2026-04-26,38.2,59.38,21.16,46.88,95.54
AST-1065,Access Point,2026-05-26,31.28,59.89,35.13,24.71,95.5
AST-1066,Access Point,2025-01-01,22.38,42.73,37.12,54.02,96.91
AST-1066,Access Point,2025-01-31,50.56,46.11,34.88,23.37,95.38
AST-1066,Access Point,2025-03-02,53.82,70.7,41.71,27.07,98.3
AST-1066,Access Point,2025-04-01,42.06,50.47,23.74,50.09,97.73
AST-1066,Access Point,2025-05-01,62.87,41.26,27.22,52.02,96.91
AST-1066,Access Point,2025-05-31,34.16,55.05,28.39,21.15,97.78
AST-1066,Access Point,2025-06-30,58.72,52.12,38.24,37.2,95.67
AST-1066,Access Point,2025-07-30,52.21,59.5,14.38,43.63,98.29
AST-1066,Access Point,2025-08-29,50.84,62.89,29.04,49.9,97.53
AST-1066,Access Point,2025-09-28,37.61,59.79,48.83,41.59,96.76
AST-1066,Access Point,2025-10-28,64.0,52.82,11.13,21.58,99.18
AST-1066,Access Point,2025-11-27,35.7,69.68,11.08,51.2,96.7
AST-1066,Access Point,2025-12-27,24.38,53.81,24.29,32.29,98.3
AST-1066,Access Point,2026-01-26,31.14,65.92,33.7,51.86,95.33
AST-1066,Access Point,2026-02-25,33.72,53.5,10.79,31.41,97.3
AST-1066,Access Point,2026-03-27,58.85,62.72,46.06,29.33,98.47
AST-1066,Access Point,2026-04-26,46.46,79.43,25.11,33.66,97.86
AST-1066,Access Point,2026-05-26,56.37,44.0,37.0,31.76,97.51
AST-1067,Access Point,2025-01-01,54.42,53.58,34.59,32.72,97.18
AST-1067,Access Point,2025-01-31,42.36,73.89,41.49,49.41,97.67
AST-1067,Access Point,2025-03-02,32.93,41.9,49.85,34.07,96.13
AST-1067,Access Point,2025-04-01,53.43,43.68,43.77,23.32,96.68
AST-1067,Access Point,2025-05-01,23.03,72.05,29.01,27.34,98.97
AST-1067,Access Point,2025-05-31,49.32,52.07,42.17,35.15,97.69
AST-1067,Access Point,2025-06-30,29.0,56.09,35.0,35.86,98.81
AST-1067,Access Point,2025-07-30,28.13,40.74,38.13,50.19,97.88
AST-1067,Access Point,2025-08-29,29.58,78.48,39.69,36.36,99.68
AST-1067,Access Point,2025-09-28,43.97,64.58,40.76,35.18,97.82
AST-1067,Access Point,2025-10-28,48.2,60.89,24.57,25.17,95.75
AST-1067,Access Point,2025-11-27,50.84,52.01,27.42,31.15,99.14
AST-1067,Access Point,2025-12-27,22.9,48.14,26.5,48.83,98.22
AST-1067,Access Point,2026-01-26,31.54,64.05,26.23,23.97,95.96
AST-1067,Access Point,2026-02-25,31.05,73.09,28.57,39.59,97.18
AST-1067,Access Point,2026-03-27,49.11,41.48,16.37,24.78,96.29
AST-1067,Access Point,2026-04-26,56.16,66.35,17.04,49.84,99.81
AST-1067,Access Point,2026-05-26,41.86,40.8,44.38,22.94,98.0
AST-1068,Access Point,2025-01-01,59.02,76.02,26.28,32.72,98.28
AST-1068,Access Point,2025-01-31,24.06,77.73,38.97,24.92,95.56
AST-1068,Access Point,2025-03-02,53.05,77.32,30.88,49.01,99.74
AST-1068,Access Point,2025-04-01,61.92,50.07,45.38,28.33,95.61
AST-1068,Access Point,2025-05-01,56.3,53.17,33.37,33.65,98.73
AST-1068,Access Point,2025-05-31,30.62,56.91,15.77,26.13,99.84
AST-1068,Access Point,2025-06-30,39.78,50.17,33.58,37.16,96.87
AST-1068,Access Point,2025-07-30,62.69,52.66,26.95,43.9,99.81
AST-1068,Access Point,2025-08-29,59.57,77.48,24.52,45.05,99.1
AST-1068,Access Point,2025-09-28,20.95,78.67,34.23,49.45,98.3
AST-1068,Access Point,2025-10-28,62.34,67.63,41.55,28.39,97.76
AST-1068,Access Point,2025-11-27,33.92,78.34,24.51,48.43,95.61
AST-1068,Access Point,2025-12-27,59.01,74.31,25.54,51.84,96.96
AST-1068,Access Point,2026-01-26,64.01,50.22,13.61,48.79,96.17
AST-1068,Access Point,2026-02-25,29.47,75.61,46.64,42.1,99.39
AST-1068,Access Point,2026-03-27,54.5,56.25,11.36,50.33,99.11
AST-1068,Access Point,2026-04-26,62.32,58.84,26.52,49.44,98.58
AST-1068,Access Point,2026-05-26,59.45,72.81,42.98,44.45,97.53
AST-1069,Firewall,2025-01-01,64.07,53.06,62.54,69.51,97.26
AST-1069,Firewall,2025-01-31,51.09,36.56,55.66,65.21,98.95
AST-1069,Firewall,2025-03-02,55.44,47.02,55.13,52.55,95.41
AST-1069,Firewall,2025-04-01,56.31,50.49,68.79,73.22,98.81
AST-1069,Firewall,2025-05-01,83.88,55.57,61.71,52.78,97.39
AST-1069,Firewall,2025-05-31,79.41,42.82,57.5,73.07,98.99
AST-1069,Firewall,2025-06-30,57.95,47.43,37.28,75.06,99.71
AST-1069,Firewall,2025-07-30,85.37,41.73,67.92,76.92,98.23
AST-1069,Firewall,2025-08-29,75.07,62.21,68.97,47.93,98.5
AST-1069,Firewall,2025-09-28,56.75,47.03,47.16,50.41,95.44
AST-1069,Firewall,2025-10-28,64.72,63.42,34.69,68.74,97.17
AST-1069,Firewall,2025-11-27,86.8,48.61,56.94,44.74,98.56
AST-1069,Firewall,2025-12-27,57.62,60.86,61.28,51.52,97.47
AST-1069,Firewall,2026-01-26,55.21,60.69,54.0,79.81,96.41
AST-1069,Firewall,2026-02-25,77.09,47.55,46.34,45.84,96.45
AST-1069,Firewall,2026-03-27,60.47,53.53,66.29,54.79,98.41
AST-1069,Firewall,2026-04-26,68.33,35.31,35.33,52.93,98.46
AST-1069,Firewall,2026-05-26,77.47,56.4,58.34,69.44,96.28
AST-1070,Firewall,2025-01-01,53.81,36.76,43.31,49.39,99.53
AST-1070,Firewall,2025-01-31,89.87,63.18,68.69,63.93,98.73
AST-1070,Firewall,2025-03-02,51.82,42.61,54.79,52.1,96.97
AST-1070,Firewall,2025-04-01,64.84,64.04,52.38,63.22,96.3
AST-1070,Firewall,2025-05-01,70.15,62.91,65.12,45.28,96.58
AST-1070,Firewall,2025-05-31,71.22,39.25,34.67,41.77,95.64
AST-1070,Firewall,2025-06-30,84.87,60.04,59.91,77.05,96.41
AST-1070,Firewall,2025-07-30,85.08,53.39,60.46,50.55,96.56
AST-1070,Firewall,2025-08-29,85.71,44.47,69.78,70.55,95.75
AST-1070,Firewall,2025-09-28,84.12,54.72,61.93,42.13,95.74
AST-1070,Firewall,2025-10-28,59.19,36.08,40.41,68.24,97.18
AST-1070,Firewall,2025-11-27,89.81,62.82,31.63,54.26,98.54
AST-1070,Firewall,2025-12-27,69.41,49.79,63.83,74.68,95.62
AST-1070,Firewall,2026-01-26,53.74,61.05,37.23,46.73,97.54
AST-1070,Firewall,2026-02-25,60.91,61.73,53.43,63.34,99.85
AST-1070,Firewall,2026-03-27,71.04,52.12,46.66,43.07,98.83
AST-1070,Firewall,2026-04-26,77.08,61.62,31.04,67.25,98.4
AST-1070,Firewall,2026-05-26,65.77,52.71,68.05,73.48,95.77
AST-1071,Firewall,2025-01-01,53.24,59.92,56.38,58.16,99.77
AST-1071,Firewall,2025-01-31,73.77,35.17,68.79,66.25,99.74
AST-1071,Firewall,2025-03-02,63.0,56.95,59.37,78.3,97.84
AST-1071,Firewall,2025-04-01,58.45,36.46,55.75,52.93,95.28
AST-1071,Firewall,2025-05-01,52.83,63.56,45.26,55.95,95.89
AST-1071,Firewall,2025-05-31,88.6,60.97,33.57,74.09,95.81
AST-1071,Firewall,2025-06-30,81.18,43.55,60.1,66.16,95.6
AST-1071,Firewall,2025-07-30,69.63,47.97,62.25,52.4,98.42
AST-1071,Firewall,2025-08-29,55.25,54.97,63.28,60.51,97.44
AST-1071,Firewall,2025-09-28,85.42,49.29,52.52,56.92,98.77
AST-1071,Firewall,2025-10-28,82.44,53.42,47.36,57.04,95.2
AST-1071,Firewall,2025-11-27,63.67,48.91,38.97,67.45,95.77
AST-1071,Firewall,2025-12-27,69.81,53.89,50.99,51.63,97.18
AST-1071,Firewall,2026-01-26,86.29,49.33,35.94,45.11,99.51
AST-1071,Firewall,2026-02-25,83.66,50.69,41.82,41.91,95.38
AST-1071,Firewall,2026-03-27,51.8,38.23,47.0,43.78,98.3
AST-1071,Firewall,2026-04-26,72.74,42.6,40.19,43.27,97.51
AST-1071,Firewall,2026-05-26,54.56,54.85,37.18,47.29,96.96
AST-1072,Firewall,2025-01-01,53.33,61.3,41.91,63.49,97.27
AST-1072,Firewall,2025-01-31,76.81,53.71,40.6,78.67,99.35
AST-1072,Firewall,2025-03-02,57.49,40.55,59.88,64.16,99.35
AST-1072,Firewall,2025-04-01,54.25,51.03,30.23,44.67,95.86
AST-1072,Firewall,2025-05-01,69.08,55.75,64.75,78.63,98.0
AST-1072,Firewall,2025-05-31,69.47,53.55,68.96,54.43,98.36
AST-1072,Firewall,2025-06-30,77.61,46.85,42.11,45.0,95.07
AST-1072,Firewall,2025-07-30,54.48,35.48,68.82,74.36,96.04
AST-1072,Firewall,2025-08-29,75.94,54.49,47.43,65.04,98.94
AST-1072,Firewall,2025-09-28,57.64,44.03,48.54,58.96,95.11
AST-1072,Firewall,2025-10-28,56.64,39.57,58.1,78.55,97.35
AST-1072,Firewall,2025-11-27,84.39,52.56,38.05,62.78,99.16
AST-1072,Firewall,2025-12-27,52.04,35.24,55.22,68.52,99.89
AST-1072,Firewall,2026-01-26,83.94,57.11,53.83,62.17,96.45
AST-1072,Firewall,2026-02-25,69.5,49.58,53.64,64.46,98.39
AST-1072,Firewall,2026-03-27,82.67,49.64,58.57,61.13,97.11
AST-1072,Firewall,2026-04-26,62.63,36.91,65.72,56.69,97.36
AST-1072,Firewall,2026-05-26,69.79,63.17,43.87,67.9,95.1
AST-1073,Firewall,2025-01-01,61.52,40.77,43.75,49.28,96.1
AST-1073,Firewall,2025-01-31,86.36,45.17,54.08,73.7,98.28
AST-1073,Firewall,2025-03-02,55.25,43.8,58.46,78.39,99.16
AST-1073,Firewall,2025-04-01,76.92,57.04,61.84,71.99,99.21
AST-1073,Firewall,2025-05-01,74.87,43.47,59.97,66.68,95.64
AST-1073,Firewall,2025-05-31,57.98,53.17,34.04,56.64,99.96
AST-1073,Firewall,2025-06-30,62.15,41.28,31.88,40.73,99.4
AST-1073,Firewall,2025-07-30,64.28,39.76,63.12,75.78,95.16
AST-1073,Firewall,2025-08-29,52.55,47.92,54.7,44.83,96.12
AST-1073,Firewall,2025-09-28,60.31,45.21,44.21,41.87,99.38
AST-1073,Firewall,2025-10-28,60.7,39.54,57.61,60.62,98.34
AST-1073,Firewall,2025-11-27,78.26,62.8,47.51,58.29,99.2
AST-1073,Firewall,2025-12-27,54.44,38.18,54.42,71.29,99.73
AST-1073,Firewall,2026-01-26,82.94,36.26,34.22,65.2,99.35
AST-1073,Firewall,2026-02-25,86.44,39.71,41.68,57.66,97.52
AST-1073,Firewall,2026-03-27,79.3,37.98,55.88,53.38,95.69
AST-1073,Firewall,2026-04-26,83.94,48.17,46.63,70.76,96.22
AST-1073,Firewall,2026-05-26,82.37,45.24,50.2,43.41,96.86
AST-1074,Server,2025-01-01,32.65,30.82,69.92,60.31,98.76
AST-1074,Server,2025-01-31,22.65,26.85,76.08,69.47,97.04
AST-1074,Server,2025-03-02,23.76,45.57,75.76,67.66,95.15
AST-1074,Server,2025-04-01,14.37,20.3,76.28,88.03,95.42
AST-1074,Server,2025-05-01,19.44,49.46,47.39,57.15,98.79
AST-1074,Server,2025-05-31,29.81,39.24,80.61,57.02,98.15
AST-1074,Server,2025-06-30,31.4,39.81,63.39,65.35,97.01
AST-1074,Server,2025-07-30,30.43,36.61,53.69,80.99,99.54
AST-1074,Server,2025-08-29,10.24,28.39,63.75,87.22,98.49
AST-1074,Server,2025-09-28,23.39,26.15,64.5,82.59,98.25
AST-1074,Server,2025-10-28,30.92,46.63,75.17,69.16,95.98
AST-1074,Server,2025-11-27,19.05,21.11,55.05,80.38,98.69
AST-1074,Server,2025-12-27,13.78,49.76,52.78,58.25,97.75
AST-1074,Server,2026-01-26,25.64,42.71,47.2,55.98,98.98
AST-1074,Server,2026-02-25,27.78,27.24,74.84,80.43,99.92
AST-1074,Server,2026-03-27,13.31,21.8,56.78,76.94,96.77
AST-1074,Server,2026-04-26,11.43,39.53,45.61,65.43,98.68
AST-1074,Server,2026-05-26,23.59,49.49,76.24,89.62,97.82
AST-1075,Server,2025-01-01,36.83,38.83,64.0,75.84,96.75
AST-1075,Server,2025-01-31,18.54,43.54,72.17,78.54,98.56
AST-1075,Server,2025-03-02,25.59,27.43,54.75,75.38,99.11
AST-1075,Server,2025-04-01,20.84,22.94,72.02,84.0,95.41
AST-1075,Server,2025-05-01,11.87,46.66,61.43,70.62,96.84
AST-1075,Server,2025-05-31,25.79,37.65,63.35,68.82,96.32
AST-1075,Server,2025-06-30,24.96,32.7,59.8,87.59,97.44
AST-1075,Server,2025-07-30,39.2,44.71,46.5,59.45,98.55
AST-1075,Server,2025-08-29,13.88,41.14,78.85,59.13,96.06
AST-1075,Server,2025-09-28,24.2,42.39,82.48,67.93,99.75
AST-1075,Server,2025-10-28,28.05,32.26,45.44,75.01,95.2
AST-1075,Server,2025-11-27,14.6,31.14,84.6,65.61,97.42
AST-1075,Server,2025-12-27,33.74,24.26,66.53,56.7,99.46
AST-1075,Server,2026-01-26,36.67,26.47,76.86,72.11,95.61
AST-1075,Server,2026-02-25,20.46,46.11,58.79,75.06,97.82
AST-1075,Server,2026-03-27,37.01,43.44,61.39,80.2,98.02
AST-1075,Server,2026-04-26,32.86,35.14,60.74,70.75,97.24
AST-1075,Server,2026-05-26,35.99,29.76,75.99,78.26,97.04
AST-1076,Server,2025-01-01,16.98,31.86,64.34,88.53,99.44
AST-1076,Server,2025-01-31,32.08,39.38,78.97,79.75,97.85
AST-1076,Server,2025-03-02,33.88,41.22,65.25,59.33,97.79
AST-1076,Server,2025-04-01,15.77,38.56,65.96,56.85,97.85
AST-1076,Server,2025-05-01,15.68,34.28,80.36,59.21,99.67
AST-1076,Server,2025-05-31,15.39,20.57,75.4,63.59,98.52
AST-1076,Server,2025-06-30,36.63,33.33,76.31,76.24,97.0
AST-1076,Server,2025-07-30,11.35,45.86,41.05,70.3,97.07
AST-1076,Server,2025-08-29,35.79,29.52,51.57,59.01,95.5
AST-1076,Server,2025-09-28,15.04,24.32,51.5,58.14,96.53
AST-1076,Server,2025-10-28,22.22,25.08,67.65,66.39,95.14
AST-1076,Server,2025-11-27,11.76,31.7,54.4,69.45,96.62
AST-1076,Server,2025-12-27,21.27,44.83,45.44,62.09,98.75
AST-1076,Server,2026-01-26,27.58,34.79,73.86,68.48,95.57
AST-1076,Server,2026-02-25,11.82,33.94,58.32,71.95,97.03
AST-1076,Server,2026-03-27,17.01,46.58,52.11,88.72,98.37
AST-1076,Server,2026-04-26,17.39,36.64,75.33,65.66,97.03
AST-1076,Server,2026-05-26,12.52,39.07,49.16,88.88,96.86
AST-1077,Server,2025-01-01,39.56,43.46,64.19,69.83,99.55
AST-1077,Server,2025-01-31,23.55,20.03,60.91,84.03,96.44
AST-1077,Server,2025-03-02,39.16,20.02,82.01,71.88,97.98
AST-1077,Server,2025-04-01,35.18,31.4,55.81,77.13,97.92
AST-1077,Server,2025-05-01,25.31,21.36,73.26,74.71,96.5
AST-1077,Server,2025-05-31,21.86,23.69,46.28,74.48,96.39
AST-1077,Server,2025-06-30,22.96,38.31,83.08,66.14,98.4
AST-1077,Server,2025-07-30,20.28,27.84,73.87,70.85,96.23
AST-1077,Server,2025-08-29,39.49,30.25,60.69,75.98,95.08
AST-1077,Server,2025-09-28,30.76,39.39,40.09,71.68,99.5
AST-1077,Server,2025-10-28,30.18,32.39,80.29,79.62,98.8
AST-1077,Server,2025-11-27,26.14,43.62,69.21,57.71,95.15
AST-1077,Server,2025-12-27,34.96,40.15,70.25,67.35,99.06
AST-1077,Server,2026-01-26,34.82,30.74,47.97,81.88,98.48
AST-1077,Server,2026-02-25,10.25,33.88,82.13,70.56,96.11
AST-1077,Server,2026-03-27,10.59,28.43,81.46,67.52,95.45
AST-1077,Server,2026-04-26,28.4,29.1,72.3,63.2,97.46
AST-1077,Server,2026-05-26,20.89,28.42,80.7,79.74,96.04
AST-1078,Server,2025-01-01,15.88,44.63,57.82,85.45,97.84
AST-1078,Server,2025-01-31,24.82,36.55,69.69,74.8,98.41
AST-1078,Server,2025-03-02,26.95,21.96,45.77,57.28,96.3
AST-1078,Server,2025-04-01,27.1,26.84,63.54,82.38,95.96
AST-1078,Server,2025-05-01,30.34,49.76,71.18,73.65,96.26
AST-1078,Server,2025-05-31,26.8,33.62,82.21,77.43,99.71
AST-1078,Server,2025-06-30,11.56,48.16,59.46,89.83,96.37
AST-1078,Server,2025-07-30,30.41,34.0,56.27,81.57,99.41
AST-1078,Server,2025-08-29,16.74,28.34,58.9,70.71,95.03
AST-1078,Server,2025-09-28,15.84,22.45,65.73,55.89,98.68
AST-1078,Server,2025-10-28,39.34,32.71,43.35,63.75,95.82
AST-1078,Server,2025-11-27,19.32,38.78,44.35,71.8,99.03
AST-1078,Server,2025-12-27,27.78,38.79,55.04,63.76,95.54
AST-1078,Server,2026-01-26,17.15,30.22,42.45,66.68,98.96
AST-1078,Server,2026-02-25,38.31,43.27,67.88,81.74,98.12
AST-1078,Server,2026-03-27,27.37,22.57,42.73,56.17,96.56
AST-1078,Server,2026-04-26,35.43,21.95,45.74,87.17,97.21
AST-1078,Server,2026-05-26,19.04,38.79,42.96,78.71,97.79
AST-1079,Server,2025-01-01,18.85,31.44,44.31,81.32,96.16
AST-1079,Server,2025-01-31,27.99,39.79,40.48,68.44,98.97
AST-1079,Server,2025-03-02,36.4,38.58,55.28,87.82,98.91
AST-1079,Server,2025-04-01,23.62,29.85,48.66,58.59,97.97
AST-1079,Server,2025-05-01,12.03,43.68,48.71,75.06,98.18
AST-1079,Server,2025-05-31,17.69,32.63,72.61,70.56,96.21
AST-1079,Server,2025-06-30,33.91,21.81,54.03,70.25,99.79
AST-1079,Server,2025-07-30,32.63,29.34,79.83,82.14,95.74
AST-1079,Server,2025-08-29,19.26,30.29,56.6,55.28,97.93
AST-1079,Server,2025-09-28,30.35,21.72,62.82,84.23,99.28
AST-1079,Server,2025-10-28,22.66,25.86,49.02,86.8,98.92
AST-1079,Server,2025-11-27,20.25,40.04,71.27,89.37,97.99
AST-1079,Server,2025-12-27,19.93,37.35,83.34,76.56,97.09
AST-1079,Server,2026-01-26,14.87,33.63,75.51,56.48,96.09
AST-1079,Server,2026-02-25,10.11,26.69,50.36,76.84,96.19
AST-1079,Server,2026-03-27,32.04,48.58,54.92,80.9,96.02
AST-1079,Server,2026-04-26,15.53,49.7,56.33,57.58,95.15
AST-1079,Server,2026-05-26,13.46,28.72,48.75,75.5,98.82
AST-1080,Server,2025-01-01,11.32,20.89,48.9,61.1,99.42
AST-1080,Server,2025-01-31,31.57,30.19,64.95,61.25,95.11
AST-1080,Server,2025-03-02,35.29,47.32,40.94,78.71,96.89
AST-1080,Server,2025-04-01,33.62,23.33,82.13,65.68,96.2
AST-1080,Server,2025-05-01,34.28,39.83,82.35,89.2,99.98
AST-1080,Server,2025-05-31,36.45,46.35,42.94,60.06,99.61
AST-1080,Server,2025-06-30,33.85,25.75,57.02,68.1,97.99
AST-1080,Server,2025-07-30,39.31,27.34,42.08,76.56,95.94
AST-1080,Server,2025-08-29,26.06,43.69,54.75,56.86,98.97
AST-1080,Server,2025-09-28,36.19,45.55,83.58,86.0,96.04
AST-1080,Server,2025-10-28,12.44,34.12,69.86,57.27,97.54
AST-1080,Server,2025-11-27,32.54,39.35,62.91,72.45,97.32
AST-1080,Server,2025-12-27,19.65,31.22,71.25,80.05,97.47
AST-1080,Server,2026-01-26,18.05,32.03,81.45,75.44,95.18
AST-1080,Server,2026-02-25,16.59,26.09,78.84,68.86,96.53
AST-1080,Server,2026-03-27,36.66,37.14,82.1,68.09,97.75
AST-1080,Server,2026-04-26,14.03,22.52,60.0,67.31,97.91
AST-1080,Server,2026-05-26,23.96,38.63,59.17,71.36,97.04
AST-1081,Server,2025-01-01,34.14,29.51,57.21,61.28,96.17
AST-1081,Server,2025-01-31,29.36,30.77,43.71,84.49,97.56
AST-1081,Server,2025-03-02,29.31,43.58,81.7,58.44,95.36
AST-1081,Server,2025-04-01,11.15,26.01,48.85,66.52,96.51
AST-1081,Server,2025-05-01,34.47,40.51,52.35,79.7,99.98
AST-1081,Server,2025-05-31,39.95,42.57,73.29,86.93,95.04
AST-1081,Server,2025-06-30,18.98,44.67,75.24,69.13,97.02
AST-1081,Server,2025-07-30,27.4,39.66,61.24,72.94,98.8
AST-1081,Server,2025-08-29,14.48,31.93,50.21,81.22,97.37
AST-1081,Server,2025-09-28,25.47,43.58,74.09,80.29,97.3
AST-1081,Server,2025-10-28,33.76,29.39,48.45,81.95,98.48
AST-1081,Server,2025-11-27,16.29,33.5,65.13,68.11,97.88
AST-1081,Server,2025-12-27,13.85,48.3,40.44,83.36,99.16
AST-1081,Server,2026-01-26,20.19,32.57,70.86,69.12,98.89
AST-1081,Server,2026-02-25,26.13,29.78,41.05,82.49,99.6
AST-1081,Server,2026-03-27,14.61,48.58,54.86,77.04,98.01
AST-1081,Server,2026-04-26,28.24,46.01,84.11,62.15,96.95
AST-1081,Server,2026-05-26,26.03,25.65,44.89,74.93,97.25
AST-1082,Server,2025-01-01,36.84,22.8,44.69,74.35,95.16
AST-1082,Server,2025-01-31,30.67,34.66,48.4,57.43,99.81
AST-1082,Server,2025-03-02,18.51,26.99,69.68,57.45,95.29
AST-1082,Server,2025-04-01,25.56,25.15,78.69,69.38,95.78
AST-1082,Server,2025-05-01,13.32,36.09,61.52,57.41,99.77
AST-1082,Server,2025-05-31,35.97,23.9,49.26,70.13,98.54
AST-1082,Server,2025-06-30,24.24,38.11,82.26,75.56,97.51
AST-1082,Server,2025-07-30,30.55,28.26,40.33,59.99,95.32
AST-1082,Server,2025-08-29,21.98,44.23,63.66,86.86,99.39
AST-1082,Server,2025-09-28,23.81,37.28,73.18,65.08,99.4
AST-1082,Server,2025-10-28,23.69,41.01,72.02,65.41,98.06
AST-1082,Server,2025-11-27,34.3,25.25,51.21,86.5,98.66
AST-1082,Server,2025-12-27,23.73,47.32,48.25,74.9,96.96
AST-1082,Server,2026-01-26,38.37,27.19,79.17,64.58,98.13
AST-1082,Server,2026-02-25,18.76,47.49,71.41,80.28,96.08
AST-1082,Server,2026-03-27,24.8,49.77,64.88,89.84,95.38
AST-1082,Server,2026-04-26,13.16,43.0,54.67,70.78,96.26
AST-1082,Server,2026-05-26,25.18,33.87,43.29,79.31,98.74
AST-1083,Server,2025-01-01,21.43,42.38,78.51,68.88,95.05
AST-1083,Server,2025-01-31,13.44,47.51,54.72,81.2,97.42
AST-1083,Server,2025-03-02,12.05,36.45,50.9,88.25,95.7
AST-1083,Server,2025-04-01,34.61,45.25,47.68,55.63,95.5
AST-1083,Server,2025-05-01,18.82,36.04,57.59,57.72,98.81
AST-1083,Server,2025-05-31,30.32,24.6,56.11,62.58,95.17
AST-1083,Server,2025-06-30,30.25,26.48,71.35,84.28,99.05
AST-1083,Server,2025-07-30,29.23,41.49,80.37,68.67,96.54
AST-1083,Server,2025-08-29,11.57,20.14,74.76,81.85,99.63
AST-1083,Server,2025-09-28,21.24,27.16,44.11,69.76,99.94
AST-1083,Server,2025-10-28,20.11,25.76,70.1,62.72,99.4
AST-1083,Server,2025-11-27,33.91,44.91,47.55,60.85,97.07
AST-1083,Server,2025-12-27,13.23,29.81,65.29,61.63,96.03
AST-1083,Server,2026-01-26,26.25,48.17,45.44,62.48,96.78
AST-1083,Server,2026-02-25,15.21,32.06,54.23,68.62,97.29
AST-1083,Server,2026-03-27,11.98,44.45,69.25,67.91,95.34
AST-1083,Server,2026-04-26,16.56,29.05,66.95,89.41,95.51
AST-1083,Server,2026-05-26,26.09,49.72,78.27,61.0,99.79
AST-1084,Server,2025-01-01,28.0,49.44,71.33,78.73,99.85
AST-1084,Server,2025-01-31,30.81,29.96,68.59,85.94,96.59
AST-1084,Server,2025-03-02,35.55,34.46,55.08,76.3,97.92
AST-1084,Server,2025-04-01,21.47,39.22,50.46,75.56,99.93
AST-1084,Server,2025-05-01,16.98,38.49,80.36,65.81,98.68
AST-1084,Server,2025-05-31,32.72,38.59,42.7,68.11,96.48
AST-1084,Server,2025-06-30,14.55,26.13,41.71,87.32,97.98
AST-1084,Server,2025-07-30,38.38,42.18,54.79,64.73,98.21
AST-1084,Server,2025-08-29,32.81,35.63,83.99,77.68,96.44
AST-1084,Server,2025-09-28,10.71,45.41,54.91,63.48,97.69
AST-1084,Server,2025-10-28,37.2,39.95,51.18,79.06,98.59
AST-1084,Server,2025-11-27,28.24,31.44,54.47,70.48,95.03
AST-1084,Server,2025-12-27,36.1,22.1,48.66,77.2,95.71
AST-1084,Server,2026-01-26,16.13,22.75,66.67,84.09,99.65
AST-1084,Server,2026-02-25,17.09,22.34,72.62,65.9,98.6
AST-1084,Server,2026-03-27,17.35,25.29,51.2,64.99,97.24
AST-1084,Server,2026-04-26,29.07,28.16,75.16,57.8,99.85
AST-1084,Server,2026-05-26,21.95,25.03,59.86,72.69,98.67
AST-1085,Server,2025-01-01,32.81,44.59,75.71,55.69,96.9
AST-1085,Server,2025-01-31,35.62,42.77,81.47,75.83,95.76
AST-1085,Server,2025-03-02,31.8,27.72,60.86,70.88,96.87
AST-1085,Server,2025-04-01,28.18,22.16,46.15,71.42,95.77
AST-1085,Server,2025-05-01,15.69,20.39,62.53,80.39,97.45
AST-1085,Server,2025-05-31,37.77,48.21,83.67,68.06,97.44
AST-1085,Server,2025-06-30,29.23,37.65,58.4,56.36,99.6
AST-1085,Server,2025-07-30,21.54,36.97,48.74,70.27,96.27
AST-1085,Server,2025-08-29,37.39,41.67,62.93,72.1,98.44
AST-1085,Server,2025-09-28,30.89,39.53,81.69,80.75,96.21
AST-1085,Server,2025-10-28,11.04,44.39,68.39,78.67,98.48
AST-1085,Server,2025-11-27,29.36,27.84,60.5,78.84,96.27
AST-1085,Server,2025-12-27,28.06,48.55,77.87,55.43,98.85
AST-1085,Server,2026-01-26,29.33,47.51,57.9,75.52,99.5
AST-1085,Server,2026-02-25,25.56,25.66,59.03,84.04,96.26
AST-1085,Server,2026-03-27,19.07,49.03,69.63,68.4,96.54
AST-1085,Server,2026-04-26,22.35,46.29,72.74,58.11,98.17
AST-1085,Server,2026-05-26,33.3,30.33,46.42,81.21,99.64
